timestamp,splus0,splus0_delta,splus3,splus3_delta,splus5,splus5_delta,splus7,splus7_delta,splus9,splus9_delta,total_delta,total_delta_percentage,average_delta,average_high_delta,max_high_delta,max_high_delta_percentage,average_low_delta,min_low_delta,min_low_delta_percentage
2022-08-01 08:00:00,|O:14.43|H:14.75|L:14.31|C:14.42|,0.0,|O:14.69|H:14.94|L:14.52|C:14.89|,0.47000000000000064,|O:15.19|H:15.22|L:14.8|C:14.842|,0.4220000000000006,|O:14.9|H:15.27|L:14.8899|C:15.238|,0.8179999999999996,|O:15.36|H:15.48|L:15.31|C:15.36|,0.9399999999999995,0.9399999999999995,6.518723994452147,0.6625000000000001,0.8075000000000001,1.0600000000000005,7.350901525658811,0.45997500000000047,0.09999999999999964,0.6934812760055453
2022-07-29 14:00:00,|O:14.5716|H:14.87|L:14.54|C:14.665|,0.0,|O:14.53|H:14.58|L:14.49|C:14.49|,-0.17499999999999893,|O:14.51|H:14.54|L:14.48|C:14.5|,-0.16499999999999915,|O:14.77|H:14.77|L:14.28|C:14.3|,-0.36499999999999844,|O:14.5|H:14.51|L:14.41|C:14.44|,-0.22499999999999964,-0.22499999999999964,-1.534265257415613,-0.23249999999999904,-0.0649999999999995,0.10500000000000043,0.7159904534606235,-0.2499999999999991,-0.3849999999999998,-2.625298329355607
2022-07-27 15:00:00,|O:14.31|H:14.5374|L:14.2601|C:14.4508|,0.0,|O:14.3983|H:14.4|L:14.36|C:14.38|,-0.07079999999999842,|O:14.34|H:14.4|L:14.27|C:14.39|,-0.06079999999999863,|O:14.23|H:14.3|L:14.22|C:14.3|,-0.1507999999999985,|O:14.34|H:14.4|L:14.33|C:14.37|,-0.08079999999999998,-0.08079999999999998,-0.559138594403078,-0.09079999999999888,-0.07579999999999876,-0.050799999999998846,-0.3515376311346005,-0.15579999999999927,-0.23079999999999856,-1.5971434107454159
2022-07-27 05:00:00,|O:14.47|H:14.47|L:14.25|C:14.26|,0.0,|O:14.35|H:14.36|L:14.28|C:14.32|,0.0600000000000005,|O:14.27|H:14.39|L:13.88|C:14.0012|,-0.25879999999999903,|O:14.105|H:14.16|L:13.935|C:13.98|,-0.27999999999999936,|O:13.88|H:14.055|L:13.86|C:13.99|,-0.2699999999999996,-0.2699999999999996,-1.8934081346423535,-0.18719999999999937,-0.018749999999999822,0.13000000000000078,0.9116409537166956,-0.27124999999999977,-0.40000000000000036,-2.805049088359049
2022-07-15 12:00:00,|O:15.175|H:15.175|L:15.01|C:15.1125|,0.0,|O:15.2|H:15.26|L:15.02|C:15.185|,0.07249999999999979,|O:15.37|H:15.38|L:15.16|C:15.2|,0.08749999999999858,|O:15.28|H:15.3|L:15.24|C:15.3|,0.1875,|O:15.49|H:15.65|L:15.49|C:15.63|,0.5175000000000001,0.5175000000000001,3.4243176178660053,0.2162499999999996,0.2849999999999997,0.5374999999999996,3.5566583953680704,0.11499999999999932,-0.09250000000000114,-0.6120760959470711
2022-07-14 10:00:00,|O:15.155|H:15.19|L:14.8|C:14.99|,0.0,|O:15.62|H:15.64|L:15.27|C:15.42|,0.4299999999999997,|O:15.1799|H:15.4|L:15.07|C:15.2099|,0.2198999999999991,|O:15.11|H:15.21|L:15.02|C:15.12|,0.129999999999999,|O:15.07|H:15.16|L:15.07|C:15.11|,0.11999999999999922,0.11999999999999922,0.8005336891260787,0.22497499999999926,0.36250000000000027,0.6500000000000004,4.336224149432957,0.11749999999999972,0.02999999999999936,0.20013342228151673
2022-07-13 11:00:00,|O:15.56|H:15.775|L:15.31|C:15.4099|,0.0,|O:15.76|H:15.93|L:15.59|C:15.77|,0.3600999999999992,|O:15.615|H:15.62|L:15.13|C:15.1499|,-0.2599999999999998,|O:15.11|H:15.15|L:15.08|C:15.09|,-0.3199000000000005,|O:15.06|H:15.07|L:14.93|C:14.9401|,-0.4698000000000011,-0.4698000000000011,-3.048689478841531,-0.17240000000000055,0.03259999999999952,0.5200999999999993,3.375103018189601,-0.22740000000000027,-0.47990000000000066,-3.1142317601022764
2022-07-12 08:00:00,|O:14.749|H:14.8799|L:14.65|C:14.85|,0.0,|O:15.14|H:15.7899|L:14.81|C:15.74|,0.8900000000000006,|O:16.045|H:16.14|L:15.71|C:15.75|,0.9000000000000004,|O:15.965|H:15.99|L:15.7|C:15.7246|,0.8746000000000009,|O:15.56|H:15.6|L:15.45|C:15.56|,0.7100000000000009,0.7100000000000009,4.7811447811447865,0.8436500000000007,1.0299750000000003,1.290000000000001,8.686868686868692,0.5675000000000003,-0.03999999999999915,-0.2693602693602636
2022-09-02 11:00:00,|O:8.9499|H:8.98|L:8.4|C:8.9101|,0.0,|O:8.6919|H:8.83|L:8.65|C:8.7801|,-0.13000000000000078,|O:8.92|H:8.97|L:8.83|C:8.9|,-0.010099999999999554,|O:8.86|H:8.86|L:8.84|C:8.85|,-0.060100000000000264,|O:8.81|H:8.82|L:8.76|C:8.8|,-0.1100999999999992,-0.1100999999999992,-1.2356763672685962,-0.07757499999999995,-0.0400999999999998,0.05990000000000073,0.6722707938182594,-0.1400999999999999,-0.26009999999999955,-2.9191591564628854
2022-08-30 04:00:00,|O:9.87|H:10|L:9.59|C:9.7|,0.0,|O:9.7|H:9.8|L:9.68|C:9.76|,0.0600000000000005,|O:9.775|H:9.82|L:9.59|C:9.63|,-0.06999999999999851,|O:9.29|H:9.385|L:9.1313|C:9.21|,-0.48999999999999844,|O:9.1215|H:9.23|L:9.07|C:9.15|,-0.5499999999999989,-0.5499999999999989,-5.670103092783495,-0.26249999999999885,-0.141249999999999,0.120000000000001,1.237113402061866,-0.33217499999999944,-0.629999999999999,-6.494845360824733
2022-08-29 13:00:00,|O:9.27|H:9.57|L:9.27|C:9.5229|,0.0,|O:9.4582|H:9.55|L:9.075|C:9.4772|,-0.045700000000000074,|O:9.51|H:9.6|L:9.49|C:9.58|,0.05710000000000015,|O:9.62|H:9.65|L:9.58|C:9.63|,0.10710000000000086,|O:9.7|H:9.72|L:9.65|C:9.68|,0.1570999999999998,0.1570999999999998,1.6497075470707432,0.06890000000000018,0.10710000000000042,0.19710000000000072,2.0697476609016237,-0.07414999999999994,-0.44790000000000063,-4.703399174621183
2022-08-18 08:00:00,|O:22.01|H:22.48|L:20.93|C:21.87|,0.0,|O:21.455|H:21.54|L:19.42|C:20.15|,-1.7200000000000024,|O:20.0815|H:20.35|L:20|C:20.005|,-1.865000000000002,|O:19.885|H:19.89|L:19.43|C:19.57|,-2.3000000000000007,|O:19.41|H:19.62|L:18.41|C:18.54|,-3.330000000000002,-3.330000000000002,-15.22633744855968,-2.3037500000000017,-1.5200000000000005,-0.33000000000000185,-1.508916323731147,-2.5550000000000006,-3.460000000000001,-15.820759030635578
2022-08-16 10:00:00,|O:24.84|H:25.45|L:23.9108|C:23.92|,0.0,|O:24.1913|H:24.8595|L:23.9|C:24.8199|,0.8998999999999988,|O:26.05|H:26.15|L:24.15|C:24.94|,1.0199999999999996,|O:24.7904|H:24.94|L:24.66|C:24.87|,0.9499999999999993,|O:24.84|H:24.95|L:24.81|C:24.81|,0.889999999999997,0.889999999999997,3.7207357859531642,0.9399749999999987,1.3048749999999982,2.229999999999997,9.322742474916375,0.4599999999999973,-0.020000000000003126,-0.08361204013379232
2022-08-12 19:00:00,|O:24.44|H:25.31|L:24.12|C:24.2|,0.0,|O:24.35|H:24.35|L:24.07|C:24.11|,-0.08999999999999986,|O:24.19|H:24.25|L:23.8|C:23.83|,-0.370000000000001,|O:24.27|H:24.35|L:23.03|C:23.06|,-1.1400000000000006,|O:24.1|H:24.49|L:23.76|C:24.11|,-0.08999999999999986,-0.08999999999999986,-0.3719008264462804,-0.4225000000000003,0.16000000000000103,0.28999999999999915,1.1983471074380132,-0.5349999999999984,-1.1699999999999982,-4.8347107438016454
2022-08-11 08:00:00,|O:23.75|H:24.48|L:23.3712|C:24.17|,0.0,|O:25.37|H:26.08|L:24.8|C:24.965|,0.7949999999999982,|O:24.395|H:25.02|L:24.193|C:24.995|,0.8249999999999993,|O:25.1299|H:25.59|L:24.89|C:25.3401|,1.170099999999998,|O:25.45|H:25.54|L:25.3|C:25.4112|,1.2411999999999992,1.2411999999999992,5.135291683905664,1.0078249999999986,1.3874999999999975,1.9099999999999966,7.902358295407515,0.6257499999999991,0.022999999999999687,0.09515928837401608
2022-10-05 13:00:00,|O:7.425|H:7.55|L:7.27|C:7.271|,0.0,|O:7.44|H:7.45|L:7.34|C:7.345|,0.07399999999999984,|O:7.34|H:7.39|L:7.34|C:7.37|,0.0990000000000002,|O:7.37|H:7.5|L:6.98|C:7.43|,0.1589999999999998,|O:7.42|H:7.42|L:7.38|C:7.38|,0.10899999999999999,0.10899999999999999,1.4991060376839498,0.11024999999999996,0.16900000000000004,0.2290000000000001,3.149498005776373,-0.010999999999999899,-0.2909999999999995,-4.002200522624117
2022-10-04 10:00:00,|O:7.15|H:7.33|L:7.08|C:7.2348|,0.0,|O:7.395|H:7.5|L:7.36|C:7.495|,0.2602000000000002,|O:7.58|H:8.13|L:7.55|C:7.86|,0.6252000000000004,|O:7.83|H:7.83|L:7.65|C:7.66|,0.42520000000000024,|O:7.69|H:7.74|L:7.63|C:7.69|,0.4552000000000005,0.4552000000000005,6.291811798529337,0.44145000000000034,0.5652000000000004,0.8952000000000009,12.373527948250135,0.3127000000000002,0.12520000000000042,1.730524686238741
2022-09-29 08:00:00,|O:7.54|H:7.58|L:7.33|C:7.41|,0.0,|O:7.21|H:7.42|L:7.12|C:7.352|,-0.05799999999999983,|O:7.31|H:7.35|L:7.15|C:7.1599|,-0.25009999999999977,|O:7.0299|H:7.03|L:6.9|C:6.9173|,-0.49270000000000014,|O:7.1|H:7.13|L:7.08|C:7.1|,-0.3100000000000005,-0.3100000000000005,-4.183535762483138,-0.27770000000000006,-0.1775000000000002,0.009999999999999787,0.134952766531711,-0.3474999999999999,-0.5099999999999998,-6.882591093117406
2022-09-28 07:00:00,|O:7.3|H:7.38|L:7.22|C:7.22|,0.0,|O:7.4|H:7.4479|L:7.11|C:7.3717|,0.15169999999999995,|O:7.47|H:7.58|L:7.41|C:7.575|,0.3550000000000004,|O:7.535|H:7.625|L:7.5101|C:7.525|,0.3050000000000006,|O:7.635|H:7.71|L:7.57|C:7.655|,0.4350000000000005,0.4350000000000005,6.024930747922444,0.31167500000000037,0.3707250000000002,0.4900000000000002,6.786703601108036,0.18002500000000055,-0.10999999999999943,-1.5235457063711833
2022-09-27 15:00:00,|O:7.3099|H:7.52|L:7.25|C:7.455|,0.0,|O:7.44|H:7.45|L:7.4|C:7.41|,-0.04499999999999993,|O:7.42|H:7.45|L:7.39|C:7.44|,-0.01499999999999968,|O:7.21|H:7.23|L:7.14|C:7.19|,-0.2649999999999997,|O:7.3|H:7.38|L:7.22|C:7.22|,-0.23500000000000032,-0.23500000000000032,-3.1522468142186497,-0.1399999999999999,-0.0774999999999999,-0.004999999999999893,-0.06706908115358676,-0.1675000000000002,-0.3150000000000004,-4.225352112676061
2022-09-27 11:00:00,|O:7.36|H:7.38|L:7.11|C:7.11|,0.0,|O:7.095|H:7.115|L:7.0211|C:7.11|,0.0,|O:7.3099|H:7.52|L:7.25|C:7.455|,0.34499999999999975,|O:7.44|H:7.45|L:7.4|C:7.41|,0.2999999999999998,|O:7.42|H:7.45|L:7.39|C:7.44|,0.33000000000000007,0.33000000000000007,4.641350210970465,0.2437499999999999,0.2737499999999997,0.40999999999999925,5.766526019690566,0.1552749999999996,-0.08890000000000065,-1.250351617440234
2022-09-23 12:00:00,|O:7.845|H:7.87|L:7.73|C:7.765|,0.0,|O:7.7433|H:7.8499|L:7.7|C:7.815|,0.05000000000000071,|O:7.99|H:8.07|L:7.94|C:8.03|,0.2649999999999997,|O:8.05|H:8.07|L:8.03|C:8.04|,0.27499999999999947,|O:7.99|H:8.11|L:7.95|C:8.11|,0.34499999999999975,0.34499999999999975,4.443013522215065,0.2337499999999999,0.2599750000000003,0.34499999999999975,4.443013522215065,0.14000000000000035,-0.0649999999999995,-0.8370895041854411
2022-09-21 15:00:00,|O:8.9|H:8.94|L:8.58|C:8.61|,0.0,|O:8.67|H:8.79|L:8.6|C:8.61|,0.0,|O:8.62|H:8.65|L:8.57|C:8.57|,-0.03999999999999915,|O:8.67|H:8.73|L:8.65|C:8.65|,0.040000000000000924,|O:8.65|H:8.74|L:8.58|C:8.6|,-0.009999999999999787,-0.009999999999999787,-0.1161440185830405,-0.0024999999999995026,0.1175000000000006,0.17999999999999972,2.09059233449477,-0.009999999999999343,-0.03999999999999915,-0.464576074332162
2022-09-19 15:00:00,|O:9.06|H:9.21|L:9.0217|C:9.1999|,0.0,|O:9.1999|H:9.1999|L:9.1|C:9.17|,-0.029899999999999594,|O:9.19|H:9.4|L:9.09|C:9.2|,9.999999999976694e-05,|O:9.09|H:9.12|L:9.09|C:9.12|,-0.0799000000000003,|O:9.12|H:9.27|L:9.12|C:9.23|,0.030100000000000904,0.030100000000000904,0.32717746932032854,-0.019899999999999807,0.047575000000000145,0.20010000000000083,2.17502364156133,-0.09989999999999988,-0.10989999999999966,-1.194578201936974
2022-09-16 08:00:00,|O:9.71|H:9.75|L:9.61|C:9.62|,0.0,|O:9.59|H:9.675|L:9.4|C:9.415|,-0.20500000000000007,|O:9.39|H:9.4|L:9.18|C:9.2888|,-0.33119999999999905,|O:9.155|H:9.2|L:9.07|C:9.18|,-0.4399999999999995,|O:9.08|H:9.14|L:8.98|C:9.09|,-0.5299999999999994,-0.5299999999999994,-5.509355509355504,-0.3765499999999995,-0.266249999999999,0.05500000000000149,0.5717255717255872,-0.462499999999999,-0.6399999999999988,-6.652806652806641
2022-09-15 10:00:00,|O:10.1204|H:10.39|L:9.91|C:9.9154|,0.0,|O:9.9213|H:10.03|L:9.9|C:10.025|,0.10960000000000036,|O:9.97|H:9.98|L:9.86|C:9.8801|,-0.03529999999999944,|O:9.81|H:10|L:9.81|C:9.84|,-0.07540000000000013,|O:9.81|H:9.84|L:9.74|C:9.76|,-0.1554000000000002,-0.1554000000000002,-1.5672590112350504,-0.039124999999999854,0.04709999999999992,0.11459999999999937,1.1557778808721724,-0.08789999999999987,-0.17539999999999978,-1.7689654476874335
2022-09-15 08:00:00,|O:9.77|H:9.86|L:9.7|C:9.78|,0.0,|O:10.1204|H:10.39|L:9.91|C:9.9154|,0.13540000000000063,|O:9.9213|H:10.03|L:9.9|C:10.025|,0.245000000000001,|O:9.97|H:9.98|L:9.86|C:9.8801|,0.10010000000000119,|O:9.81|H:10|L:9.81|C:9.84|,0.0600000000000005,0.0600000000000005,0.6134969325153425,0.13512500000000083,0.32000000000000073,0.6100000000000012,6.237218813905943,0.09000000000000075,0.030000000000001137,0.3067484662576803
2022-11-03 05:00:00,|O:5.9|H:5.98|L:5.9|C:5.96|,0.0,|O:5.89|H:5.94|L:5.69|C:5.69|,-0.2699999999999996,|O:5.73|H:5.84|L:5.62|C:5.6373|,-0.3227000000000002,|O:5.85|H:5.85|L:5.625|C:5.635|,-0.3250000000000002,|O:5.655|H:5.69|L:5.61|C:5.64|,-0.3200000000000003,-0.3200000000000003,-5.369127516778528,-0.30942500000000006,-0.1299999999999999,-0.019999999999999574,-0.3355704697986506,-0.32374999999999976,-0.34999999999999964,-5.872483221476505
2022-10-27 17:00:00,|O:6.42|H:6.49|L:6.42|C:6.46|,0.0,|O:6.46|H:6.48|L:6.45|C:6.48|,0.020000000000000462,|O:6.42|H:6.45|L:6.38|C:6.43|,-0.03000000000000025,|O:6.42|H:6.64|L:6.41|C:6.44|,-0.019999999999999574,|O:6.57|H:6.7|L:6.52|C:6.555|,0.09499999999999975,0.09499999999999975,1.4705882352941138,0.016250000000000098,0.10750000000000015,0.2400000000000002,3.7151702786377743,-0.020000000000000018,-0.08000000000000007,-1.2383900928792582
2022-10-27 09:00:00,|O:6.76|H:6.93|L:6.64|C:6.6885|,0.0,|O:6.74|H:6.79|L:6.58|C:6.595|,-0.09350000000000058,|O:6.6389|H:6.7|L:6.605|C:6.685|,-0.0035000000000007248,|O:6.535|H:6.5791|L:6.485|C:6.5188|,-0.16970000000000063,|O:6.42|H:6.49|L:6.42|C:6.46|,-0.22850000000000037,-0.22850000000000037,-3.416311579576891,-0.12380000000000058,-0.04872500000000013,0.1014999999999997,1.5175300889586558,-0.16600000000000015,-0.2685000000000004,-4.014352993944836
2022-10-26 19:00:00,|O:6.69|H:6.75|L:6.65|C:6.71|,0.0,|O:6.68|H:6.7|L:6.65|C:6.69|,-0.019999999999999574,|O:6.64|H:6.7|L:6.59|C:6.68|,-0.03000000000000025,|O:6.76|H:6.93|L:6.64|C:6.6885|,-0.02149999999999963,|O:6.74|H:6.79|L:6.58|C:6.595|,-0.11500000000000021,-0.11500000000000021,-1.7138599105812253,-0.046624999999999917,0.07000000000000006,0.21999999999999975,3.27868852459016,-0.09499999999999997,-0.1299999999999999,-1.9374068554396409
2022-10-25 04:00:00,|O:6.32|H:6.35|L:6.31|C:6.35|,0.0,|O:6.34|H:6.34|L:6.33|C:6.33|,-0.019999999999999574,|O:6.32|H:6.4|L:6.23|C:6.28|,-0.0699999999999994,|O:6.69|H:6.9|L:6.62|C:6.7301|,0.38010000000000055,|O:6.945|H:6.995|L:6.67|C:6.706|,0.35600000000000076,0.35600000000000076,5.606299212598437,0.16152500000000058,0.3087500000000005,0.6450000000000005,10.157480314960637,0.11250000000000049,-0.11999999999999922,-1.8897637795275468
2022-10-24 16:00:00,|O:6.35|H:6.38|L:6.3041|C:6.35|,0.0,|O:6.32|H:6.33|L:6.3|C:6.3|,-0.04999999999999982,|O:6.32|H:6.35|L:6.31|C:6.35|,0.0,|O:6.34|H:6.34|L:6.33|C:6.33|,-0.019999999999999574,|O:6.32|H:6.4|L:6.23|C:6.28|,-0.0699999999999994,-0.0699999999999994,-1.1023622047244002,-0.0349999999999997,0.0050000000000003375,0.05000000000000071,0.7874015748031609,-0.05749999999999966,-0.11999999999999922,-1.8897637795275468
2022-10-24 13:00:00,|O:6.34|H:6.34|L:6.23|C:6.26|,0.0,|O:6.36|H:6.41|L:6.35|C:6.355|,0.09500000000000064,|O:6.32|H:6.36|L:6.31|C:6.32|,0.0600000000000005,|O:6.3|H:6.4|L:6.3|C:6.4|,0.14000000000000057,|O:6.32|H:6.34|L:6.32|C:6.32|,0.0600000000000005,0.0600000000000005,0.9584664536741293,0.08875000000000055,0.11750000000000038,0.15000000000000036,2.396166134185309,0.06000000000000005,0.040000000000000036,0.6389776357827481
2022-10-24 07:00:00,|O:6.39|H:6.57|L:6.37|C:6.53|,0.0,|O:6.47|H:6.55|L:6.28|C:6.4509|,-0.07910000000000039,|O:6.29|H:6.38|L:6.2306|C:6.3421|,-0.18789999999999996,|O:6.34|H:6.34|L:6.23|C:6.26|,-0.27000000000000046,|O:6.36|H:6.41|L:6.35|C:6.355|,-0.17499999999999982,-0.17499999999999982,-2.6799387442572713,-0.17800000000000016,-0.11000000000000032,0.019999999999999574,0.30627871362939624,-0.2573500000000002,-0.2999999999999998,-4.5941807044410385
2022-10-20 08:00:00,|O:6.2|H:6.25|L:6.15|C:6.16|,0.0,|O:6.2182|H:6.52|L:6.21|C:6.4987|,0.3387000000000002,|O:6.46|H:6.46|L:6.25|C:6.278|,0.11799999999999944,|O:6.265|H:6.365|L:6.245|C:6.3199|,0.1598999999999995,|O:6.35|H:6.42|L:6.28|C:6.32|,0.16000000000000014,0.16000000000000014,2.5974025974025996,0.19414999999999982,0.2812499999999998,0.35999999999999943,5.844155844155835,0.08624999999999994,0.04999999999999982,0.8116883116883088
2022-12-01 09:00:00,|O:7.29|H:7.54|L:7.21|C:7.43|,0.0,|O:7.835|H:8.97|L:7.79|C:8.4|,0.9700000000000006,|O:8.43|H:8.78|L:8.39|C:8.7382|,1.3082000000000011,|O:8.575|H:8.59|L:8.12|C:8.18|,0.75,|O:8.04|H:8.08|L:8.02|C:8.07|,0.6400000000000006,0.6400000000000006,8.61372812920593,0.9170500000000006,1.1750000000000003,1.540000000000001,20.726783310901766,0.6500000000000001,0.3600000000000003,4.845222072678335
2022-11-30 07:00:00,|O:7.44|H:7.47|L:7.44|C:7.46|,0.0,|O:7.48|H:7.49|L:7.19|C:7.27|,-0.1900000000000004,|O:7.205|H:7.26|L:7.18|C:7.225|,-0.23500000000000032,|O:7.05|H:7.26|L:7.01|C:7.26|,-0.20000000000000018,|O:7.185|H:7.3099|L:7.15|C:7.242|,-0.21799999999999997,-0.21799999999999997,-2.9222520107238603,-0.21075000000000021,-0.13002500000000006,0.03000000000000025,0.4021447721179658,-0.3274999999999999,-0.4500000000000002,-6.03217158176944
2022-11-29 11:00:00,|O:7.54|H:7.57|L:7.35|C:7.3642|,0.0,|O:7.49|H:7.4985|L:7.39|C:7.43|,0.06579999999999941,|O:7.4116|H:7.55|L:7.39|C:7.442|,0.07779999999999987,|O:7.43|H:7.44|L:7.41|C:7.42|,0.05579999999999963,|O:7.39|H:7.43|L:7.38|C:7.43|,0.06579999999999941,0.06579999999999941,0.8935118546481549,0.06629999999999958,0.11542499999999967,0.18579999999999952,2.52301675674207,0.028299999999999548,0.015799999999999592,0.2145514787756931
2022-11-29 09:00:00,|O:7.35|H:7.39|L:7.08|C:7.2101|,0.0,|O:7.54|H:7.57|L:7.35|C:7.3642|,0.15410000000000057,|O:7.49|H:7.4985|L:7.39|C:7.43|,0.21989999999999998,|O:7.4116|H:7.55|L:7.39|C:7.442|,0.23190000000000044,|O:7.43|H:7.44|L:7.41|C:7.42|,0.2099000000000002,0.2099000000000002,2.911194019500426,0.2039500000000003,0.3045250000000004,0.35990000000000055,4.991608992940466,0.17490000000000006,0.1398999999999999,1.9403336985617385
2022-11-28 04:00:00,|O:7.54|H:7.54|L:7.38|C:7.4|,0.0,|O:7.35|H:7.41|L:7.35|C:7.39|,-0.010000000000000675,|O:7.47|H:7.47|L:7.3315|C:7.45|,0.04999999999999982,|O:7.26|H:7.3692|L:7.2301|C:7.315|,-0.08499999999999996,|O:7.335|H:7.35|L:7.25|C:7.25|,-0.15000000000000036,-0.15000000000000036,-2.0270270270270316,-0.04875000000000029,-0.00020000000000042206,0.0699999999999994,0.9459459459459376,-0.10960000000000036,-0.16990000000000016,-2.295945945945948
2022-11-22 11:00:00,|O:7.338|H:7.35|L:7.16|C:7.22|,0.0,|O:7.21|H:7.28|L:7.18|C:7.225|,0.004999999999999893,|O:7.195|H:7.33|L:7.19|C:7.3|,0.08000000000000007,|O:7.29|H:7.3|L:7.27|C:7.28|,0.0600000000000005,|O:7.28|H:7.31|L:7.27|C:7.3|,0.08000000000000007,0.08000000000000007,1.1080332409972309,0.05625000000000013,0.08500000000000019,0.11000000000000032,1.5235457063711957,0.007500000000000062,-0.040000000000000036,-0.5540166204986154
2022-11-22 09:00:00,|O:7.3|H:7.33|L:7.07|C:7.2082|,0.0,|O:7.338|H:7.35|L:7.16|C:7.22|,0.011800000000000033,|O:7.21|H:7.28|L:7.18|C:7.225|,0.016799999999999926,|O:7.195|H:7.33|L:7.19|C:7.3|,0.0918000000000001,|O:7.29|H:7.3|L:7.27|C:7.28|,0.07180000000000053,0.07180000000000053,0.9960877889070855,0.04805000000000015,0.10680000000000023,0.14179999999999993,1.9672040176465684,-0.008199999999999763,-0.048199999999999577,-0.6686828889320438
2022-11-21 10:00:00,|O:7.415|H:7.45|L:7.12|C:7.178|,0.0,|O:7.145|H:7.2263|L:7.09|C:7.1667|,-0.01130000000000031,|O:7.2199|H:7.27|L:7.09|C:7.2696|,0.09159999999999968,|O:7.26|H:7.27|L:7.22|C:7.24|,0.06200000000000028,|O:7.23|H:7.27|L:7.21|C:7.24|,0.06200000000000028,0.06200000000000028,0.8637503482864347,0.05107499999999998,0.08107499999999979,0.09199999999999964,1.2816940651992148,-0.025500000000000078,-0.08800000000000008,-1.2259682362775157
2022-11-18 15:00:00,|O:7.5135|H:7.58|L:7.49|C:7.565|,0.0,|O:7.55|H:7.58|L:7.53|C:7.54|,-0.025000000000000355,|O:7.55|H:7.6|L:7.51|C:7.55|,-0.015000000000000568,|O:7.45|H:7.45|L:7.41|C:7.44|,-0.125,|O:7.42|H:7.45|L:7.27|C:7.35|,-0.21500000000000075,-0.21500000000000075,-2.8420356906807767,-0.09500000000000042,-0.04500000000000037,0.034999999999999254,0.4626569729015103,-0.13500000000000045,-0.2950000000000008,-3.899537343027109
2022-11-18 05:00:00,|O:7.45|H:7.53|L:7.45|C:7.53|,0.0,|O:7.54|H:7.62|L:7.53|C:7.59|,0.05999999999999961,|O:7.55|H:7.84|L:7.47|C:7.7015|,0.17149999999999999,|O:7.56|H:7.62|L:7.34|C:7.405|,-0.125,|O:7.4263|H:7.44|L:7.38|C:7.435|,-0.09500000000000064,-0.09500000000000064,-1.2616201859229832,0.002874999999999739,0.09999999999999987,0.3099999999999996,4.116865869853912,-0.10000000000000031,-0.1900000000000004,-2.5232403718459544
2022-11-16 14:00:00,|O:7.53|H:7.65|L:7.5|C:7.605|,0.0,|O:7.6|H:7.63|L:7.5|C:7.59|,-0.015000000000000568,|O:7.58|H:7.63|L:7.57|C:7.59|,-0.015000000000000568,|O:7.64|H:7.82|L:7.6|C:7.74|,0.1349999999999998,|O:7.45|H:7.45|L:7.39|C:7.44|,-0.16500000000000004,-0.16500000000000004,-2.169625246548324,-0.015000000000000346,0.027499999999999636,0.21499999999999986,2.827087442472056,-0.09000000000000052,-0.21500000000000075,-2.8270874424720676
2022-11-09 15:00:00,|O:5.115|H:5.2|L:5.07|C:5.195|,0.0,|O:5.15|H:5.16|L:5.11|C:5.15|,-0.04499999999999993,|O:5.13|H:5.16|L:5.12|C:5.16|,-0.03500000000000014,|O:5.17|H:5.17|L:5.12|C:5.14|,-0.055000000000000604,|O:5.18|H:5.18|L:5.1|C:5.15|,-0.04499999999999993,-0.04499999999999993,-0.866217516843117,-0.04500000000000015,-0.027500000000000302,-0.015000000000000568,-0.2887391722810504,-0.08250000000000024,-0.09500000000000064,-1.8286814244465956
2022-11-08 08:00:00,|O:5.37|H:5.48|L:5.3315|C:5.38|,0.0,|O:5.355|H:5.47|L:5.3508|C:5.4415|,0.061499999999999666,|O:5.5115|H:5.54|L:5.46|C:5.4975|,0.11749999999999972,|O:5.415|H:5.45|L:5.37|C:5.38|,0.0,|O:5.62|H:5.99|L:5.25|C:5.39|,0.009999999999999787,0.009999999999999787,0.18587360594795144,0.04724999999999979,0.23250000000000015,0.6100000000000003,11.338289962825284,-0.022299999999999986,-0.1299999999999999,-2.4163568773234183
2023-01-03 15:00:00,|O:3.9|H:3.96|L:3.88|C:3.93|,0.0,|O:3.97|H:3.97|L:3.94|C:3.94|,0.009999999999999787,|O:3.98|H:3.98|L:3.95|C:3.98|,0.04999999999999982,|O:3.99|H:3.99|L:3.98|C:3.98|,0.04999999999999982,|O:4.02|H:4.06|L:3.981|C:3.99|,0.06000000000000005,0.06000000000000005,1.5267175572519098,0.04249999999999987,0.06999999999999984,0.12999999999999945,3.307888040712454,0.032749999999999835,0.009999999999999787,0.25445292620864596
2022-12-30 16:00:00,|O:4.05|H:4.07|L:4.03|C:4.04|,0.0,|O:4.03|H:4.05|L:4.02|C:4.03|,-0.009999999999999787,|O:4.03|H:4.22|L:4.01|C:4.19|,0.15000000000000036,|O:4.16|H:4.2|L:4.15|C:4.15|,0.11000000000000032,|O:4.07|H:4.1585|L:4.0115|C:4.12|,0.08000000000000007,0.08000000000000007,1.980198019801982,0.08250000000000024,0.11712499999999992,0.17999999999999972,4.455445544554449,0.007874999999999854,-0.03000000000000025,-0.7425742574257487
2022-12-21 19:00:00,|O:5.3|H:5.33|L:5.3|C:5.33|,0.0,|O:5.3|H:5.3|L:5.24|C:5.26|,-0.07000000000000028,|O:5.25|H:5.28|L:5.25|C:5.26|,-0.07000000000000028,|O:4.21|H:4.75|L:3.87|C:4.3749|,-0.9550999999999998,|O:4.775|H:4.79|L:4.48|C:4.525|,-0.8049999999999997,-0.8049999999999997,-15.103189493433392,-0.47502500000000003,-0.30000000000000004,-0.03000000000000025,-0.5628517823639821,-0.6199999999999999,-1.46,-27.392120075046904
2022-12-21 11:00:00,|O:5.31|H:5.37|L:5.24|C:5.2699|,0.0,|O:5.245|H:5.28|L:5.19|C:5.265|,-0.0049000000000001265,|O:5.26|H:5.32|L:5.24|C:5.3|,0.030100000000000016,|O:5.27|H:5.29|L:5.26|C:5.29|,0.02010000000000023,|O:5.3|H:5.33|L:5.3|C:5.33|,0.060100000000000264,0.060100000000000264,1.140439097516087,0.026350000000000096,0.03510000000000035,0.060100000000000264,1.140439097516087,-0.022399999999999753,-0.07989999999999942,-1.5161578018558117
2022-12-21 09:00:00,|O:5.16|H:5.24|L:5.05|C:5.0902|,0.0,|O:5.31|H:5.37|L:5.24|C:5.2699|,0.17969999999999953,|O:5.245|H:5.28|L:5.19|C:5.265|,0.1747999999999994,|O:5.26|H:5.32|L:5.24|C:5.3|,0.20979999999999954,|O:5.27|H:5.29|L:5.26|C:5.29|,0.19979999999999976,0.19979999999999976,3.9251895799772063,0.19102499999999956,0.2247999999999999,0.2797999999999998,5.496837059447563,0.14229999999999987,0.09980000000000011,1.9606302306392698
2022-12-19 08:00:00,|O:5.33|H:5.35|L:5|C:5.27|,0.0,|O:5.0582|H:5.15|L:4.92|C:4.9499|,-0.32009999999999916,|O:4.7968|H:4.96|L:4.7901|C:4.895|,-0.375,|O:4.86|H:4.915|L:4.85|C:4.89|,-0.3799999999999999,|O:4.9|H:4.92|L:4.88|C:4.92|,-0.34999999999999964,-0.34999999999999964,-6.641366223908912,-0.3562749999999997,-0.2837499999999995,-0.11999999999999922,-2.2770398481973286,-0.40997499999999976,-0.47989999999999977,-9.106261859582538
2022-12-16 08:00:00,|O:5.69|H:5.74|L:5.5515|C:5.68|,0.0,|O:5.655|H:5.66|L:5.29|C:5.3073|,-0.37270000000000003,|O:5.1414|H:5.3382|L:5.13|C:5.195|,-0.48499999999999943,|O:5.235|H:5.24|L:5.17|C:5.2194|,-0.46059999999999945,|O:5.36|H:5.43|L:5.3|C:5.42|,-0.2599999999999998,-0.2599999999999998,-4.577464788732391,-0.3945749999999997,-0.2629499999999998,-0.019999999999999574,-0.3521126760563305,-0.4574999999999998,-0.5499999999999998,-9.683098591549292
2022-12-15 11:00:00,|O:5.71|H:5.725|L:5.56|C:5.58|,0.0,|O:5.565|H:5.65|L:5.53|C:5.65|,0.07000000000000028,|O:5.59|H:5.66|L:5.53|C:5.6|,0.019999999999999574,|O:5.5999|H:5.6|L:5.57|C:5.57|,-0.009999999999999787,|O:5.61|H:5.64|L:5.6|C:5.63|,0.04999999999999982,0.04999999999999982,0.8960573476702477,0.03249999999999997,0.057499999999999885,0.08000000000000007,1.4336917562724028,-0.022499999999999964,-0.04999999999999982,-0.8960573476702477
2022-12-14 14:00:00,|O:5.83|H:5.83|L:5.605|C:5.645|,0.0,|O:5.73|H:5.78|L:5.73|C:5.78|,0.13500000000000068,|O:5.8|H:5.85|L:5.8|C:5.82|,0.1750000000000007,|O:5.87|H:5.87|L:5.64|C:5.73|,0.08500000000000085,|O:5.69|H:5.7|L:5.67|C:5.68|,0.03500000000000014,0.03500000000000014,0.6200177147918537,0.1075000000000006,0.15500000000000047,0.22500000000000053,3.985828166519053,0.06500000000000039,-0.004999999999999893,-0.08857395925597686
2022-12-14 12:00:00,|O:5.755|H:5.78|L:5.7|C:5.71|,0.0,|O:5.83|H:5.83|L:5.605|C:5.645|,-0.06500000000000039,|O:5.73|H:5.78|L:5.73|C:5.78|,0.07000000000000028,|O:5.8|H:5.85|L:5.8|C:5.82|,0.11000000000000032,|O:5.87|H:5.87|L:5.64|C:5.73|,0.020000000000000462,0.020000000000000462,0.3502626970227752,0.03375000000000017,0.12250000000000005,0.16000000000000014,2.802101576182139,-0.016249999999999876,-0.10499999999999954,-1.8388791593695193
2022-12-14 09:00:00,|O:5.78|H:5.81|L:5.62|C:5.665|,0.0,|O:5.78|H:5.87|L:5.75|C:5.75|,0.08499999999999996,|O:5.7001|H:5.88|L:5.7|C:5.8497|,0.1847000000000003,|O:5.6409|H:5.81|L:5.64|C:5.75|,0.08499999999999996,|O:5.7701|H:5.85|L:5.77|C:5.81|,0.14499999999999957,0.14499999999999957,2.5595763459841057,0.12492499999999995,0.18749999999999978,0.21499999999999986,3.795233892321268,0.04999999999999982,-0.025000000000000355,-0.4413062665489913
2022-12-14 05:00:00,|O:5.77|H:5.81|L:5.77|C:5.8|,0.0,|O:5.75|H:5.79|L:5.7|C:5.71|,-0.08999999999999986,|O:5.78|H:5.81|L:5.62|C:5.665|,-0.1349999999999998,|O:5.78|H:5.87|L:5.75|C:5.75|,-0.04999999999999982,|O:5.7001|H:5.88|L:5.7|C:5.8497|,0.04970000000000052,0.04970000000000052,0.8568965517241469,-0.056324999999999736,0.03750000000000009,0.08000000000000007,1.3793103448275874,-0.1074999999999997,-0.17999999999999972,-3.103448275862064
2022-12-08 10:00:00,|O:6.675|H:6.69|L:6.28|C:6.3137|,0.0,|O:6.22|H:6.27|L:6.18|C:6.225|,-0.08870000000000022,|O:6.1699|H:6.19|L:5.97|C:6.1378|,-0.1758999999999995,|O:6.08|H:6.13|L:6.08|C:6.13|,-0.18369999999999997,|O:6.11|H:6.13|L:6.1|C:6.11|,-0.20369999999999955,-0.20369999999999955,-3.226317373331003,-0.1629999999999998,-0.13369999999999993,-0.043700000000000294,-0.6921456515197157,-0.23120000000000007,-0.3437000000000001,-5.443717629915899
2022-12-07 10:00:00,|O:6.96|H:6.99|L:6.6|C:6.715|,0.0,|O:6.4855|H:6.49|L:6.34|C:6.44|,-0.27499999999999947,|O:6.135|H:6.19|L:6|C:6.0974|,-0.6175999999999995,|O:6.05|H:6.13|L:5.99|C:6.07|,-0.6449999999999996,|O:6.24|H:6.34|L:6.23|C:6.27|,-0.4450000000000003,-0.4450000000000003,-6.626954579300079,-0.4956499999999997,-0.42749999999999977,-0.22499999999999964,-3.3507073715562123,-0.5749999999999997,-0.7249999999999996,-10.79672375279225
2023-01-31 15:00:00,|O:5.24|H:5.35|L:5.175|C:5.34|,0.0,|O:5.25|H:5.27|L:5.24|C:5.27|,-0.07000000000000028,|O:5.295|H:5.3|L:5.28|C:5.28|,-0.05999999999999961,|O:5.29|H:5.3|L:5.27|C:5.29|,-0.04999999999999982,|O:5.26|H:5.39|L:5.26|C:5.32|,-0.019999999999999574,-0.019999999999999574,-0.37453183520598454,-0.04999999999999982,-0.025000000000000133,0.04999999999999982,0.936329588014978,-0.0774999999999999,-0.09999999999999964,-1.872659176029956
2023-01-26 08:00:00,|O:5.51|H:5.54|L:5.41|C:5.51|,0.0,|O:5.345|H:5.44|L:5.28|C:5.282|,-0.22799999999999976,|O:5.305|H:5.33|L:5.26|C:5.315|,-0.1949999999999994,|O:5.2772|H:5.31|L:5.2|C:5.22|,-0.29000000000000004,|O:5.28|H:5.3|L:5.2|C:5.22|,-0.29000000000000004,-0.29000000000000004,-5.263157894736843,-0.2507499999999998,-0.1649999999999998,-0.0699999999999994,-1.2704174228675027,-0.2749999999999997,-0.3099999999999996,-5.626134301270411
2023-01-26 06:00:00,|O:5.46|H:5.46|L:5.41|C:5.42|,0.0,|O:5.51|H:5.54|L:5.41|C:5.51|,0.08999999999999986,|O:5.345|H:5.44|L:5.28|C:5.282|,-0.1379999999999999,|O:5.305|H:5.33|L:5.26|C:5.315|,-0.10499999999999954,|O:5.2772|H:5.31|L:5.2|C:5.22|,-0.20000000000000018,-0.20000000000000018,-3.690036900369007,-0.08824999999999994,-0.014999999999999902,0.1200000000000001,2.214022140221404,-0.13249999999999984,-0.21999999999999975,-4.0590405904059
2023-01-19 14:00:00,|O:5.585|H:5.65|L:5.5|C:5.605|,0.0,|O:5.52|H:5.55|L:5.52|C:5.53|,-0.07500000000000018,|O:5.56|H:5.58|L:5.54|C:5.55|,-0.055000000000000604,|O:5.6|H:5.65|L:5.56|C:5.61|,0.004999999999999893,|O:5.6|H:5.6|L:5.53|C:5.57|,-0.03500000000000014,-0.03500000000000014,-0.6244424620874245,-0.04000000000000026,-0.010000000000000453,0.04499999999999993,0.8028545941123982,-0.06750000000000056,-0.08500000000000085,-1.5165031222123255
2023-01-19 05:00:00,|O:5.65|H:5.66|L:5.57|C:5.57|,0.0,|O:5.47|H:5.57|L:5.37|C:5.42|,-0.15000000000000036,|O:5.48|H:5.5|L:5.26|C:5.4702|,-0.09980000000000011,|O:5.365|H:5.43|L:5.3|C:5.3114|,-0.2586000000000004,|O:5.5115|H:5.6|L:5.47|C:5.5801|,0.010099999999999554,0.010099999999999554,0.18132854578096147,-0.12457500000000032,-0.04500000000000037,0.02999999999999936,0.5385996409335612,-0.22000000000000042,-0.3100000000000005,-5.56552962298026
2023-01-13 18:00:00,|O:5.16|H:5.16|L:5.07|C:5.1099|,0.0,|O:5.1|H:5.15|L:5.05|C:5.06|,-0.049900000000000055,|O:5.07|H:5.1|L:5.06|C:5.07|,-0.03989999999999938,|O:5.119|H:5.2|L:5.06|C:5.17|,0.060100000000000264,|O:5.265|H:5.28|L:5.16|C:5.2129|,0.10300000000000065,0.10300000000000065,2.015695023385989,0.01832500000000037,0.07260000000000044,0.17010000000000058,3.3288322667762693,-0.02739999999999987,-0.05989999999999984,-1.17223429029922
2023-01-09 11:00:00,|O:3.8566|H:3.95|L:3.85|C:3.9499|,0.0,|O:3.9543|H:4.02|L:3.92|C:3.9493|,-0.0005999999999999339,|O:3.94|H:3.96|L:3.89|C:3.93|,-0.019899999999999807,|O:3.92|H:3.93|L:3.91|C:3.92|,-0.029900000000000038,|O:3.92|H:3.94|L:3.91|C:3.93|,-0.019899999999999807,-0.019899999999999807,-0.5038102230436164,-0.017574999999999896,0.012599999999999945,0.07009999999999961,1.7747284741385756,-0.04239999999999988,-0.05989999999999984,-1.5164940884579317
2023-03-07 09:00:00,|O:6.21|H:6.35|L:6.15|C:6.185|,0.0,|O:6.075|H:6.12|L:6.05|C:6.0582|,-0.12679999999999936,|O:6.1407|H:6.155|L:6.05|C:6.075|,-0.10999999999999943,|O:6.013|H:6.06|L:6.005|C:6.02|,-0.16500000000000004,|O:6.03|H:6.04|L:6.01|C:6.01|,-0.17499999999999982,-0.17499999999999982,-2.82942603071948,-0.14419999999999966,-0.09124999999999961,-0.02999999999999936,-0.48504446240904386,-0.15624999999999978,-0.17999999999999972,-2.9102667744543207
2023-03-06 19:00:00,|O:6.34|H:6.34|L:6.27|C:6.32|,0.0,|O:6.32|H:6.34|L:6.3|C:6.31|,-0.010000000000000675,|O:6.33|H:6.33|L:6.22|C:6.24|,-0.08000000000000007,|O:6.21|H:6.35|L:6.15|C:6.185|,-0.13500000000000068,|O:6.075|H:6.12|L:6.05|C:6.0582|,-0.26180000000000003,-0.26180000000000003,-4.1424050632911396,-0.12170000000000036,-0.035000000000000364,0.02999999999999936,0.47468354430378734,-0.14000000000000035,-0.27000000000000046,-4.272151898734184
2023-03-03 10:00:00,|O:6.4|H:6.52|L:6.36|C:6.43|,0.0,|O:6.468|H:6.67|L:6.44|C:6.5701|,0.14010000000000034,|O:6.545|H:6.65|L:6.53|C:6.65|,0.22000000000000064,|O:6.615|H:6.6199|L:6.52|C:6.54|,0.11000000000000032,|O:6.56|H:6.6|L:6.54|C:6.59|,0.16000000000000014,0.16000000000000014,2.488335925349925,0.15752500000000036,0.20497500000000035,0.2400000000000002,3.7325038880248873,0.07750000000000035,0.010000000000000675,0.15552099533438063
2023-03-03 05:00:00,|O:6.29|H:6.31|L:6.22|C:6.23|,0.0,|O:6.17|H:6.17|L:6.09|C:6.1|,-0.13000000000000078,|O:6.17|H:6.52|L:6.14|C:6.3917|,0.16169999999999973,|O:6.425|H:6.49|L:6.35|C:6.4601|,0.2300999999999993,|O:6.57|H:6.5772|L:6.49|C:6.54|,0.3099999999999996,0.3099999999999996,4.975922953451037,0.14294999999999947,0.2092999999999996,0.34719999999999995,5.573033707865167,0.03749999999999942,-0.14000000000000057,-2.247191011235964
2023-03-01 09:00:00,|O:6.77|H:7.1067|L:6.61|C:6.8178|,0.0,|O:6.5412|H:6.6|L:6.46|C:6.51|,-0.3078000000000003,|O:6.565|H:6.67|L:6.5|C:6.53|,-0.28779999999999983,|O:6.625|H:6.65|L:6.48|C:6.55|,-0.26780000000000026,|O:6.55|H:6.55|L:6.47|C:6.48|,-0.33779999999999966,-0.33779999999999966,-4.954677461937863,-0.3003,-0.20030000000000014,-0.14780000000000015,-2.1678547331983946,-0.34030000000000005,-0.3578000000000001,-5.248027222857815
2023-02-24 16:00:00,|O:6.2|H:6.26|L:6.1|C:6.25|,0.0,|O:6.26|H:6.29|L:6.25|C:6.26|,0.009999999999999787,|O:6.22|H:6.45|L:6.2|C:6.3|,0.04999999999999982,|O:6.34|H:6.48|L:6.32|C:6.48|,0.23000000000000043,|O:6.4497|H:6.49|L:6.22|C:6.43|,0.17999999999999972,0.17999999999999972,2.8799999999999955,0.11749999999999994,0.1775000000000002,0.2400000000000002,3.840000000000003,-0.0024999999999999467,-0.04999999999999982,-0.7999999999999973
2023-02-23 14:00:00,|O:6.5|H:6.65|L:6.3|C:6.4|,0.0,|O:6.23|H:6.24|L:6.15|C:6.2|,-0.20000000000000018,|O:6.21|H:6.3|L:6.21|C:6.23|,-0.16999999999999993,|O:6.32|H:6.32|L:6.15|C:6.18|,-0.22000000000000064,|O:6.21|H:6.21|L:6.16|C:6.17|,-0.23000000000000043,-0.23000000000000043,-3.5937500000000067,-0.2050000000000003,-0.13250000000000028,-0.08000000000000007,-1.250000000000001,-0.23250000000000015,-0.25,-3.90625
2023-02-21 07:00:00,|O:5.28|H:5.31|L:5.22|C:5.25|,0.0,|O:5.32|H:5.8|L:5.3|C:5.7171|,0.4671000000000003,|O:5.735|H:6.2|L:5.71|C:5.905|,0.6550000000000002,|O:5.845|H:5.89|L:5.665|C:5.721|,0.4710000000000001,|O:5.72|H:6.12|L:5.715|C:6.09|,0.8399999999999999,0.8399999999999999,15.999999999999998,0.6082750000000001,0.7525,0.9500000000000002,18.0952380952381,0.3474999999999999,0.04999999999999982,0.952380952380949
2023-02-17 10:00:00,|O:5.315|H:5.38|L:5.25|C:5.3|,0.0,|O:5.344|H:5.4|L:5.32|C:5.345|,0.04499999999999993,|O:5.42|H:5.52|L:5.36|C:5.39|,0.08999999999999986,|O:5.255|H:5.3326|L:5.22|C:5.25|,-0.04999999999999982,|O:5.25|H:5.25|L:5.18|C:5.225|,-0.07500000000000018,-0.07500000000000018,-1.4150943396226447,0.0024999999999999467,0.07565000000000022,0.21999999999999975,4.150943396226411,-0.029999999999999805,-0.1200000000000001,-2.264150943396228
2023-02-17 04:00:00,|O:5.25|H:5.35|L:5.24|C:5.31|,0.0,|O:5.28|H:5.3|L:5.26|C:5.26|,-0.04999999999999982,|O:5.24|H:5.37|L:5.14|C:5.37|,0.0600000000000005,|O:5.315|H:5.38|L:5.25|C:5.3|,-0.009999999999999787,|O:5.344|H:5.4|L:5.32|C:5.345|,0.03500000000000014,0.03500000000000014,0.6591337099811703,0.008750000000000258,0.052500000000000435,0.09000000000000075,1.6949152542373023,-0.06749999999999967,-0.16999999999999993,-3.2015065913370986
2023-02-15 10:00:00,|O:4.63|H:4.77|L:4.53|C:4.7363|,0.0,|O:4.915|H:5.17|L:4.9|C:5.04|,0.3037000000000001,|O:5.01|H:5.06|L:4.95|C:4.9999|,0.2636000000000003,|O:5.18|H:5.2099|L:4.9254|C:5.18|,0.44369999999999976,|O:5.14|H:5.2|L:5.14|C:5.18|,0.44369999999999976,0.44369999999999976,9.36807212380972,0.36367499999999997,0.423675,0.47360000000000024,9.999366594176895,0.24255000000000004,0.1637000000000004,3.45628444144164
2023-04-04 18:00:00,|O:3.94|H:3.95|L:3.93|C:3.94|,0.0,|O:4|H:4|L:3.92|C:3.93|,-0.009999999999999787,|O:3.97|H:3.97|L:3.95|C:3.96|,0.020000000000000018,|O:3.9993|H:4.06|L:3.93|C:3.99|,0.050000000000000266,|O:4|H:4.02|L:3.97|C:3.9817|,0.04170000000000007,0.04170000000000007,1.0583756345177684,0.025425000000000142,0.0724999999999999,0.11999999999999966,3.0456852791878086,0.0025000000000001688,-0.020000000000000018,-0.5076142131979701
2023-03-31 08:00:00,|O:4.94|H:5.04|L:4.8915|C:4.99|,0.0,|O:4.8756|H:5.03|L:4.87|C:5.011|,0.020999999999999908,|O:4.9896|H:5.005|L:4.93|C:4.95|,-0.040000000000000036,|O:4.9299|H:5.03|L:4.92|C:4.9718|,-0.018200000000000216,|O:5.01|H:5.03|L:4.97|C:5.03|,0.040000000000000036,0.040000000000000036,0.8016032064128262,0.0006999999999999229,0.03374999999999995,0.040000000000000036,0.8016032064128262,-0.06750000000000034,-0.1200000000000001,-2.404809619238479
2023-03-30 17:00:00,|O:4.99|H:4.99|L:4.94|C:4.96|,0.0,|O:4.96|H:4.96|L:4.94|C:4.95|,-0.009999999999999787,|O:4.9|H:4.95|L:4.88|C:4.9|,-0.05999999999999961,|O:4.94|H:4.97|L:4.91|C:4.96|,0.0,|O:4.99|H:5|L:4.87|C:4.8785|,-0.08150000000000013,-0.08150000000000013,-1.6431451612903252,-0.03787499999999988,0.010000000000000009,0.040000000000000036,0.8064516129032264,-0.05999999999999983,-0.08999999999999986,-1.8145161290322551
2023-03-27 15:00:00,|O:4.5158|H:4.58|L:4.49|C:4.56|,0.0,|O:4.53|H:4.55|L:4.52|C:4.52|,-0.040000000000000036,|O:4.53|H:4.57|L:4.51|C:4.57|,0.010000000000000675,|O:4.55|H:4.57|L:4.51|C:4.56|,0.0,|O:4.58|H:4.58|L:4.54|C:4.55|,-0.009999999999999787,-0.009999999999999787,-0.21929824561403044,-0.009999999999999787,0.007500000000000506,0.020000000000000462,0.4385964912280803,-0.039999999999999813,-0.04999999999999982,-1.0964912280701715
2023-03-27 07:00:00,|O:4.53|H:4.55|L:4.49|C:4.52|,0.0,|O:4.52|H:4.53|L:4.42|C:4.4499|,-0.07009999999999916,|O:4.37|H:4.379|L:4.3|C:4.3309|,-0.18909999999999982,|O:4.36|H:4.43|L:4.36|C:4.405|,-0.11499999999999932,|O:4.5158|H:4.58|L:4.49|C:4.56|,0.040000000000000036,0.040000000000000036,0.8849557522123902,-0.08354999999999957,-0.040249999999999675,0.0600000000000005,1.3274336283185952,-0.1274999999999995,-0.21999999999999975,-4.867256637168136
2023-03-24 15:00:00,|O:4.495|H:4.5|L:4.4|C:4.465|,0.0,|O:4.48|H:4.48|L:4.47|C:4.48|,0.015000000000000568,|O:4.47|H:4.48|L:4.47|C:4.48|,0.015000000000000568,|O:4.48|H:4.51|L:4.47|C:4.49|,0.025000000000000355,|O:4.53|H:4.55|L:4.49|C:4.52|,0.054999999999999716,0.054999999999999716,1.2318029115341482,0.027500000000000302,0.04000000000000026,0.08499999999999996,1.9036954087346019,0.010000000000000009,0.004999999999999893,0.11198208286673894
2023-03-23 10:00:00,|O:4.5531|H:4.68|L:4.54|C:4.615|,0.0,|O:4.535|H:4.56|L:4.5|C:4.545|,-0.07000000000000028,|O:4.425|H:4.4494|L:4.34|C:4.3999|,-0.2151000000000005,|O:4.46|H:4.47|L:4.42|C:4.44|,-0.17499999999999982,|O:4.45|H:4.45|L:4.41|C:4.45|,-0.16500000000000004,-0.16500000000000004,-3.575297941495125,-0.15627500000000016,-0.13265000000000038,-0.055000000000000604,-1.1917659804983878,-0.19750000000000023,-0.27500000000000036,-5.958829902491882
2023-03-21 16:00:00,|O:4.42|H:4.61|L:4.38|C:4.59|,0.0,|O:4.7|H:4.94|L:4.7|C:4.7501|,0.1600999999999999,|O:4.84|H:4.88|L:4.7|C:4.76|,0.16999999999999993,|O:4.85|H:4.98|L:4.82|C:4.97|,0.3799999999999999,|O:4.8693|H:4.97|L:4.62|C:4.74|,0.15000000000000036,0.15000000000000036,3.2679738562091583,0.21502500000000002,0.35250000000000026,0.39000000000000057,8.496732026143803,0.12000000000000033,0.03000000000000025,0.6535947712418355
2023-03-21 14:00:00,|O:4.375|H:4.4|L:4.35|C:4.3999|,0.0,|O:4.42|H:4.61|L:4.38|C:4.59|,0.19010000000000016,|O:4.7|H:4.94|L:4.7|C:4.7501|,0.35020000000000007,|O:4.84|H:4.88|L:4.7|C:4.76|,0.3601000000000001,|O:4.85|H:4.98|L:4.82|C:4.97|,0.5701,0.5701,12.957112661651404,0.3676250000000001,0.45260000000000056,0.5801000000000007,13.184390554330797,0.25010000000000043,-0.019899999999999807,-0.45228300643196
2023-03-20 18:00:00,|O:4.3|H:4.36|L:4.29|C:4.3|,0.0,|O:4.28|H:4.45|L:4.25|C:4.45|,0.15000000000000036,|O:4.41|H:4.41|L:4.34|C:4.4|,0.10000000000000053,|O:4.3193|H:4.3799|L:4.28|C:4.31|,0.009999999999999787,|O:4.39|H:4.44|L:4.291|C:4.3438|,0.04380000000000006,0.04380000000000006,1.0186046511627922,0.07595000000000018,0.11997500000000039,0.15000000000000036,3.4883720930232642,-0.009749999999999703,-0.04999999999999982,-1.1627906976744147
2023-03-17 05:00:00,|O:4.37|H:4.45|L:4.37|C:4.45|,0.0,|O:4.46|H:4.48|L:4.35|C:4.37|,-0.08000000000000007,|O:4.34|H:4.35|L:4.1078|C:4.185|,-0.26500000000000057,|O:4.23|H:4.31|L:4.19|C:4.235|,-0.21499999999999986,|O:4.245|H:4.28|L:4.23|C:4.26|,-0.1900000000000004,-0.1900000000000004,-4.269662921348323,-0.18750000000000022,-0.0950000000000002,0.03000000000000025,0.674157303370792,-0.23055000000000003,-0.34220000000000006,-7.689887640449439
2023-03-16 13:00:00,|O:4.5978|H:4.65|L:4.46|C:4.4901|,0.0,|O:4.47|H:4.47|L:4.38|C:4.39|,-0.1001000000000003,|O:4.36|H:4.39|L:4.36|C:4.39|,-0.1001000000000003,|O:4.39|H:4.4|L:4.34|C:4.39|,-0.1001000000000003,|O:4.37|H:4.45|L:4.37|C:4.45|,-0.0400999999999998,-0.0400999999999998,-0.8930758780428009,-0.08510000000000018,-0.06259999999999999,-0.02010000000000023,-0.44765149996659825,-0.12759999999999994,-0.15010000000000012,-3.3429099574619743
2023-03-13 05:00:00,|O:5.6|H:5.6|L:5.46|C:5.5|,0.0,|O:5.52|H:5.55|L:5.3|C:5.32|,-0.17999999999999972,|O:5.34|H:5.45|L:5.24|C:5.386|,-0.11399999999999988,|O:5.41|H:5.56|L:5.395|C:5.4776|,-0.022400000000000198,|O:5.405|H:5.45|L:5.35|C:5.4066|,-0.09339999999999993,-0.09339999999999993,-1.6981818181818167,-0.10244999999999993,0.0024999999999999467,0.05999999999999961,1.090909090909084,-0.1787500000000002,-0.2599999999999998,-4.727272727272724
2023-05-03 08:00:00,|O:5.43|H:5.57|L:5.4115|C:5.45|,0.0,|O:5.5985|H:5.72|L:5.56|C:5.5702|,0.12019999999999964,|O:5.7118|H:5.81|L:5.68|C:5.71|,0.2599999999999998,|O:5.7|H:5.82|L:5.66|C:5.8|,0.34999999999999964,|O:5.76|H:5.82|L:5.74|C:5.81|,0.35999999999999943,0.35999999999999943,6.605504587155952,0.2725499999999996,0.3424999999999998,0.3700000000000001,6.788990825688075,0.20999999999999974,0.10999999999999943,2.0183486238532002
2023-05-03 05:00:00,|O:5.46|H:5.46|L:5.41|C:5.43|,0.0,|O:5.45|H:5.49|L:5.43|C:5.45|,0.020000000000000462,|O:5.46|H:5.65|L:5.41|C:5.6|,0.16999999999999993,|O:5.5734|H:5.755|L:5.5734|C:5.7115|,0.2815000000000003,|O:5.718|H:5.75|L:5.63|C:5.695|,0.26500000000000057,0.26500000000000057,4.880294659300195,0.18412500000000032,0.2312500000000004,0.3250000000000002,5.9852670349907955,0.08085000000000031,-0.019999999999999574,-0.36832412523019475
2023-04-26 17:00:00,|O:5.21|H:5.22|L:5.18|C:5.2|,0.0,|O:5.2|H:5.22|L:5.17|C:5.2|,0.0,|O:5.18|H:5.19|L:5.18|C:5.19|,-0.009999999999999787,|O:5.22|H:5.26|L:5.2|C:5.22|,0.019999999999999574,|O:5.2505|H:5.32|L:5.162|C:5.2997|,0.09969999999999946,0.09969999999999946,1.9173076923076817,0.02742499999999981,0.047499999999999876,0.1200000000000001,2.3076923076923097,-0.02200000000000024,-0.038000000000000256,-0.7307692307692357
2023-04-25 10:00:00,|O:5.195|H:5.28|L:5.01|C:5.09|,0.0,|O:5.0529|H:5.11|L:5.04|C:5.0603|,-0.02970000000000006,|O:5.05|H:5.14|L:5.0401|C:5.1|,0.009999999999999787,|O:5.12|H:5.2|L:5.07|C:5.13|,0.040000000000000036,|O:5.19|H:5.19|L:5.15|C:5.16|,0.07000000000000028,0.07000000000000028,1.3752455795677856,0.02257500000000001,0.07000000000000028,0.11000000000000032,2.1611001964636603,-0.014974999999999739,-0.04999999999999982,-0.9823182711198394
2023-04-25 08:00:00,|O:4.8995|H:4.9894|L:4.83|C:4.88|,0.0,|O:5.195|H:5.28|L:5.01|C:5.09|,0.20999999999999996,|O:5.0529|H:5.11|L:5.04|C:5.0603|,0.1802999999999999,|O:5.05|H:5.14|L:5.0401|C:5.1|,0.21999999999999975,|O:5.12|H:5.2|L:5.07|C:5.13|,0.25,0.25,5.122950819672131,0.2150749999999999,0.3025000000000002,0.40000000000000036,8.196721311475418,0.16002500000000008,0.1299999999999999,2.663934426229506
2023-04-21 12:00:00,|O:5.015|H:5.02|L:4.95|C:4.9955|,0.0,|O:4.96|H:5|L:4.96|C:4.98|,-0.015499999999999403,|O:4.99|H:4.99|L:4.96|C:4.99|,-0.005499999999999616,|O:4.97|H:4.97|L:4.96|C:4.96|,-0.035499999999999865,|O:5|H:5|L:4.74|C:4.8|,-0.1955,-0.1955,-3.913522169952958,-0.06299999999999972,-0.005499999999999838,0.0045000000000001705,0.09008107296567251,-0.0904999999999998,-0.2554999999999996,-5.114603142828538
2023-04-18 04:00:00,|O:5.21|H:5.29|L:5.18|C:5.24|,0.0,|O:5.23|H:5.24|L:5.22|C:5.23|,-0.009999999999999787,|O:5.2396|H:5.29|L:5.13|C:5.26|,0.019999999999999574,|O:5.04|H:5.1|L:4.98|C:5.09|,-0.15000000000000036,|O:5.055|H:5.12|L:5.05|C:5.0741|,-0.1659000000000006,-0.1659000000000006,-3.1660305343511568,-0.07647500000000029,-0.05250000000000021,0.04999999999999982,0.9541984732824393,-0.14500000000000024,-0.2599999999999998,-4.961832061068698
2023-04-14 10:00:00,|O:5.52|H:5.5685|L:5.4|C:5.4015|,0.0,|O:5.2962|H:5.385|L:5.265|C:5.3543|,-0.04720000000000013,|O:5.255|H:5.35|L:4.9|C:4.9977|,-0.4038000000000004,|O:5.11|H:5.1598|L:5.06|C:5.11|,-0.2915000000000001,|O:5.09|H:5.2|L:5.09|C:5.15|,-0.25150000000000006,-0.25150000000000006,-4.6561140423956315,-0.24850000000000017,-0.12780000000000058,-0.016500000000000625,-0.3054707025826275,-0.32275000000000054,-0.5015000000000001,-9.284458020920114
2023-04-14 04:00:00,|O:5.4|H:5.54|L:5.4|C:5.52|,0.0,|O:5.5|H:5.52|L:5.5|C:5.5|,-0.019999999999999574,|O:5.5005|H:5.56|L:5.43|C:5.56|,0.040000000000000036,|O:5.52|H:5.5685|L:5.4|C:5.4015|,-0.11849999999999916,|O:5.2962|H:5.385|L:5.265|C:5.3543|,-0.1656999999999993,-0.1656999999999993,-3.001811594202886,-0.0660499999999995,-0.011624999999999774,0.048500000000000654,0.8786231884058091,-0.12124999999999964,-0.2549999999999999,-4.619565217391303
2023-04-13 10:00:00,|O:5.54|H:5.66|L:5.52|C:5.58|,0.0,|O:5.575|H:5.61|L:5.51|C:5.515|,-0.06500000000000039,|O:5.5326|H:5.54|L:5.42|C:5.4485|,-0.13149999999999995,|O:5.46|H:5.48|L:5.45|C:5.47|,-0.11000000000000032,|O:5.5|H:5.5|L:5.46|C:5.48|,-0.09999999999999964,-0.09999999999999964,-1.7921146953404954,-0.10162500000000008,-0.047499999999999876,0.03000000000000025,0.5376344086021551,-0.1200000000000001,-0.16000000000000014,-2.8673835125448055
2023-04-12 08:00:00,|O:5.5493|H:5.64|L:5.36|C:5.5999|,0.0,|O:5.55|H:5.72|L:5.52|C:5.67|,0.07010000000000005,|O:5.63|H:5.695|L:5.6|C:5.69|,0.09010000000000051,|O:5.6488|H:5.69|L:5.6|C:5.6173|,0.017400000000000304,|O:5.38|H:5.52|L:5.34|C:5.42|,-0.17989999999999995,-0.17989999999999995,-3.2125573670958403,-0.0005749999999997701,0.05635000000000012,0.12009999999999987,2.1446811550206233,-0.0849000000000002,-0.2599,-4.641154306326899
2023-06-05 16:00:00,|O:4.63|H:4.63|L:4.61|C:4.62|,0.0,|O:4.62|H:4.62|L:4.6|C:4.61|,-0.009999999999999787,|O:4.61|H:4.65|L:4.61|C:4.64|,0.019999999999999574,|O:4.63|H:4.63|L:4.61|C:4.61|,-0.009999999999999787,|O:4.6197|H:4.63|L:4.6|C:4.6|,-0.020000000000000462,-0.020000000000000462,-0.4329004329004429,-0.0050000000000001155,0.012499999999999956,0.03000000000000025,0.6493506493506547,-0.015000000000000124,-0.020000000000000462,-0.4329004329004429
2023-06-02 04:00:00,|O:4.6|H:4.66|L:4.59|C:4.64|,0.0,|O:4.64|H:4.66|L:4.64|C:4.66|,0.020000000000000462,|O:4.63|H:4.64|L:4.58|C:4.62|,-0.019999999999999574,|O:4.5674|H:4.58|L:4.53|C:4.5522|,-0.08779999999999966,|O:4.545|H:4.57|L:4.53|C:4.555|,-0.08499999999999996,-0.08499999999999996,-1.8318965517241375,-0.04319999999999968,-0.027499999999999636,0.020000000000000462,0.43103448275863065,-0.06999999999999962,-0.10999999999999943,-2.3706896551724017
2023-06-01 11:00:00,|O:4.62|H:4.66|L:4.59|C:4.6099|,0.0,|O:4.615|H:4.64|L:4.61|C:4.6246|,0.01470000000000038,|O:4.585|H:4.59|L:4.51|C:4.55|,-0.05989999999999984,|O:4.5501|H:4.6|L:4.5396|C:4.5599|,-0.04999999999999982,|O:4.5591|H:4.6|L:4.55|C:4.59|,-0.019899999999999807,-0.019899999999999807,-0.4316796459793012,-0.028774999999999773,-0.0023999999999999577,0.030100000000000016,0.6529425800993518,-0.05749999999999966,-0.09989999999999988,-2.1670752077051536
2023-05-30 09:00:00,|O:4.75|H:4.79|L:4.63|C:4.645|,0.0,|O:4.555|H:4.57|L:4.5|C:4.5156|,-0.12939999999999952,|O:4.54|H:4.61|L:4.53|C:4.58|,-0.0649999999999995,|O:4.58|H:4.65|L:4.58|C:4.63|,-0.01499999999999968,|O:4.62|H:4.64|L:4.62|C:4.63|,-0.01499999999999968,-0.01499999999999968,-0.32292787944025153,-0.056099999999999595,-0.027499999999999414,0.005000000000000782,0.10764262648010295,-0.08749999999999947,-0.14499999999999957,-3.1216361679224884
2023-05-30 05:00:00,|O:4.84|H:4.84|L:4.8|C:4.8|,0.0,|O:4.76|H:4.79|L:4.67|C:4.76|,-0.040000000000000036,|O:4.75|H:4.79|L:4.63|C:4.645|,-0.15500000000000025,|O:4.555|H:4.57|L:4.5|C:4.5156|,-0.28439999999999976,|O:4.54|H:4.61|L:4.53|C:4.58|,-0.21999999999999975,-0.21999999999999975,-4.583333333333329,-0.17484999999999995,-0.10999999999999965,-0.009999999999999787,-0.2083333333333289,-0.2174999999999998,-0.2999999999999998,-6.2499999999999964
2023-05-25 06:00:00,|O:4.96|H:4.96|L:4.93|C:4.93|,0.0,|O:4.9394|H:4.95|L:4.88|C:4.92|,-0.009999999999999787,|O:4.835|H:4.84|L:4.71|C:4.73|,-0.1999999999999993,|O:4.6778|H:4.725|L:4.65|C:4.6763|,-0.25369999999999937,|O:4.71|H:4.74|L:4.69|C:4.695|,-0.23499999999999943,-0.23499999999999943,-4.766734279918853,-0.17467499999999947,-0.11624999999999974,0.020000000000000462,0.40567951318459355,-0.19749999999999956,-0.27999999999999936,-5.679513184584166
2023-05-24 09:00:00,|O:4.99|H:5.08|L:4.96|C:4.9657|,0.0,|O:4.9157|H:4.92|L:4.87|C:4.9099|,-0.05579999999999963,|O:4.8992|H:4.91|L:4.85|C:4.8692|,-0.09649999999999981,|O:4.82|H:4.92|L:4.81|C:4.889|,-0.07669999999999977,|O:4.91|H:4.95|L:4.9|C:4.91|,-0.05569999999999986,-0.05569999999999986,-1.1216948265098547,-0.07117499999999977,-0.04069999999999996,-0.015699999999999825,-0.3161689187828468,-0.10820000000000007,-0.1557000000000004,-3.1355095958273833
2023-05-23 05:00:00,|O:5.16|H:5.16|L:5.15|C:5.15|,0.0,|O:5.13|H:5.13|L:5.09|C:5.1|,-0.05000000000000071,|O:5.06|H:5.09|L:4.98|C:5.06|,-0.09000000000000075,|O:5.12|H:5.13|L:5.06|C:5.0771|,-0.07290000000000063,|O:5.025|H:5.05|L:4.99|C:5.02|,-0.13000000000000078,-0.13000000000000078,-2.5242718446602095,-0.08572500000000072,-0.05000000000000049,-0.020000000000000462,-0.3883495145631158,-0.12000000000000033,-0.16999999999999993,-3.300970873786406
2023-05-22 11:00:00,|O:5.12|H:5.21|L:5.065|C:5.18|,0.0,|O:5.1881|H:5.2|L:5.12|C:5.135|,-0.04499999999999993,|O:5.1401|H:5.15|L:5.0801|C:5.11|,-0.0699999999999994,|O:5.11|H:5.13|L:5.1|C:5.13|,-0.04999999999999982,|O:5.1003|H:5.13|L:5.1|C:5.13|,-0.04999999999999982,-0.04999999999999982,-0.965250965250962,-0.05374999999999974,-0.027499999999999636,0.020000000000000462,0.38610038610039504,-0.07997499999999991,-0.09989999999999988,-1.9285714285714264
2023-05-09 09:00:00,|O:5.97|H:5.97|L:5.8|C:5.8291|,0.0,|O:5.67|H:5.7|L:5.53|C:5.615|,-0.21410000000000018,|O:5.6585|H:5.66|L:5.59|C:5.645|,-0.18410000000000082,|O:5.59|H:5.6|L:5.53|C:5.53|,-0.29910000000000014,|O:5.58|H:5.6|L:5.56|C:5.58|,-0.24910000000000032,-0.24910000000000032,-4.273386972259874,-0.23660000000000037,-0.1891000000000005,-0.12910000000000021,-2.214750132953633,-0.2766000000000004,-0.29910000000000014,-5.131152321970804
2023-07-06 05:00:00,|O:4.25|H:4.29|L:4.24|C:4.29|,0.0,|O:4.26|H:4.27|L:4.24|C:4.25|,-0.040000000000000036,|O:4.23|H:4.32|L:4.19|C:4.24|,-0.04999999999999982,|O:4.2701|H:4.29|L:4.23|C:4.2635|,-0.026500000000000412,|O:4.24|H:4.29|L:4.23|C:4.29|,0.0,0.0,0.0,-0.029125000000000068,0.0024999999999999467,0.03000000000000025,0.6993006993007052,-0.06749999999999967,-0.09999999999999964,-2.3310023310023227
2023-06-27 13:00:00,|O:4.05|H:4.07|L:4.03|C:4.065|,0.0,|O:4.055|H:4.15|L:4.05|C:4.1|,0.034999999999999254,|O:4.0692|H:4.09|L:4.06|C:4.08|,0.01499999999999968,|O:4.08|H:4.1|L:4.0792|C:4.08|,0.01499999999999968,|O:4.07|H:4.08|L:4.06|C:4.08|,0.01499999999999968,0.01499999999999968,0.3690036900368925,0.019999999999999574,0.03999999999999959,0.08499999999999996,2.0910209102091013,-0.002700000000000591,-0.015000000000000568,-0.3690036900369143
2023-06-27 10:00:00,|O:4.0374|H:4.06|L:4.01|C:4.05|,0.0,|O:4.03|H:4.07|L:4.03|C:4.055|,0.004999999999999893,|O:4.06|H:4.08|L:4.04|C:4.0525|,0.002500000000000391,|O:4.1311|H:4.1311|L:4.01|C:4.06|,0.009999999999999787,|O:4.09|H:4.1|L:4.07|C:4.08|,0.03000000000000025,0.03000000000000025,0.7407407407407469,0.01187500000000008,0.045275000000000176,0.08110000000000017,2.0024691358024738,-0.012499999999999734,-0.040000000000000036,-0.9876543209876552
2023-06-16 08:00:00,|O:4.8|H:4.85|L:4.75|C:4.81|,0.0,|O:4.72|H:4.82|L:4.7|C:4.795|,-0.01499999999999968,|O:4.76|H:4.77|L:4.73|C:4.735|,-0.07499999999999929,|O:4.715|H:4.7226|L:4.7|C:4.7|,-0.10999999999999943,|O:4.7183|H:4.72|L:4.69|C:4.7|,-0.10999999999999943,-0.10999999999999943,-2.2869022869022753,-0.07749999999999946,-0.05184999999999973,0.010000000000000675,0.20790020790022196,-0.10499999999999932,-0.11999999999999922,-2.4948024948024785
2023-06-14 12:00:00,|O:4.902|H:4.97|L:4.9|C:4.936|,0.0,|O:4.9|H:4.92|L:4.82|C:4.905|,-0.030999999999999694,|O:4.9|H:4.93|L:4.9|C:4.92|,-0.016000000000000014,|O:4.92|H:4.92|L:4.9|C:4.91|,-0.0259999999999998,|O:4.9|H:4.9|L:4.86|C:4.86|,-0.07599999999999962,-0.07599999999999962,-1.5397082658022616,-0.03724999999999978,-0.01849999999999996,-0.006000000000000227,-0.12155591572123638,-0.06599999999999961,-0.11599999999999966,-2.3500810372771404
2023-06-08 12:00:00,|O:4.5922|H:4.63|L:4.58|C:4.6038|,0.0,|O:4.625|H:4.72|L:4.62|C:4.72|,0.11620000000000008,|O:4.68|H:4.68|L:4.65|C:4.66|,0.05620000000000047,|O:4.66|H:4.67|L:4.66|C:4.67|,0.06620000000000026,|O:4.65|H:4.67|L:4.65|C:4.66|,0.05620000000000047,0.05620000000000047,1.220730700725498,0.07370000000000032,0.08120000000000016,0.11620000000000008,2.524001911464444,0.04120000000000057,0.016200000000000436,0.3518832268995273
