date,open,close,high,low,volume
1658152800000.0,66.12,66.09,66.24,65.75,109720.0
1658156400000.0,66.1,66.205,66.21,65.98,79764.0
1658160000000.0,66.2,66.05,66.27,66.01,91685.0
1658163600000.0,66.05,65.63,66.091,65.63,150014.0
1658167200000.0,65.61,65.32,65.72,65.32,136031.0
1658170800000.0,65.33,65.2,65.55,64.96,315557.0
1658239200000.0,66.68,67.12,67.16,66.6,109631.0
1658242800000.0,67.12,67.23,67.24,67.03,198048.0
1658246400000.0,67.21,67.29,67.33,67.02,141029.0
1658250000000.0,67.27,67.34,67.34,67.13,137243.0
1658253600000.0,67.35,67.55,67.57,67.33,195404.0
1658257200000.0,67.56,67.615,67.75,67.48,461082.0
1658325600000.0,67.7,68.44,68.495,67.65,131878.0
1658329200000.0,68.45,68.51,68.51,68.25,107551.0
1658332800000.0,68.51,68.48,68.585,68.22,108597.0
1658336400000.0,68.46,68.32,68.58,68.16,134959.0
1658340000000.0,68.32,68.54,68.62,68.32,118438.0
1658343600000.0,68.54,68.7,68.94,68.54,505313.0
1658412000000.0,69.095,69.175,69.245,68.64,145513.0
1658415600000.0,69.19,69.29,69.385,69.01,141362.0
1658419200000.0,69.28,69.54,69.65,69.27,140323.0
1658422800000.0,69.56,69.53,69.62,69.27,136035.0
1658426400000.0,69.57,69.52,69.7,69.38,143818.0
1658430000000.0,69.51,69.93,69.95,69.51,366215.0
1658498400000.0,70.01,69.93,70.06,69.69,138657.0
1658502000000.0,69.935,69.657,69.96,69.51,124795.0
1658505600000.0,69.67,69.61,69.73,69.51,105892.0
1658509200000.0,69.6,69.57,69.64,69.27,191862.0
1658512800000.0,69.56,69.53,69.61,69.385,236353.0
1658516400000.0,69.535,69.85,69.88,69.455,672643.0
1658757600000.0,69.47,69.44,69.63,69.22,183271.0
1658761200000.0,69.41,69.56,69.639,69.255,92762.0
1658764800000.0,69.555,69.445,69.58,69.29,98891.0
1658768400000.0,69.445,69.29,69.59,69.29,173278.0
1658772000000.0,69.275,69.06,69.32,69.03,179674.0
1658775600000.0,69.06,69.6,69.63,68.98,355411.0
1658844000000.0,69.26,69.76,69.785,69.16,266673.0
1658847600000.0,69.765,69.31,69.78,69.3,154442.0
1658851200000.0,69.31,69.725,69.76,69.3,131228.0
1658854800000.0,69.7219,69.65,69.7725,69.57,140592.0
1658858400000.0,69.66,69.53,69.81,69.381,185952.0
1658862000000.0,69.52,69.57,69.84,69.4527,644285.0
1658930400000.0,72.33,73.21,73.215,72.315,430609.0
1658934000000.0,73.27,72.88,73.44,72.87,214032.0
1658937600000.0,72.86,73.22,73.28,72.82,169189.0
1658941200000.0,73.205,73.6,73.67,73.08,218613.0
1658944800000.0,73.52,74.13,74.36,73.3,464080.0
1658948400000.0,74.15,74.4,74.86,74.085,987547.0
1659016800000.0,75.2,75.54,75.9,75.2,232643.0
1659020400000.0,75.56,75.81,76.14,75.5,326591.0
1659024000000.0,75.81,76.02,76.142,75.79,170867.0
1659027600000.0,76.02,76.69,76.748,75.97,235101.0
1659031200000.0,76.64,76.75,76.83,76.5775,260964.0
1659034800000.0,76.76,76.69,77.01,76.67,760936.0
1659103200000.0,76.74,76.84,77.095,76.615,279292.0
1659106800000.0,76.82,76.69,76.895,76.545,320537.0
1659110400000.0,76.685,76.84,76.865,76.555,202251.0
1659114000000.0,76.83,77.08,77.2,76.75,431157.0
1659117600000.0,77.09,76.9,77.1,76.85,421147.0
1659121200000.0,76.91,77.15,77.42,76.9,754966.0
1659362400000.0,77.13,77.57,77.59,76.97,297393.0
1659366000000.0,77.57,77.09,77.62,77.045,167560.0
1659369600000.0,77.09,77.01,77.18,76.85,177049.0
1659373200000.0,77.03,76.53,77.03,76.43,192067.0
1659376800000.0,76.53,76.84,76.93,76.365,327598.0
1659380400000.0,76.84,76.51,76.84,76.49,642623.0
1659448800000.0,76.2,76.66,76.84,75.95,196344.0
1659452400000.0,76.67,76.8,76.8867,76.5,193896.0
1659456000000.0,76.82,77.3,77.314,76.79,249827.0
1659459600000.0,77.27,76.74,77.28,76.62,220005.0
1659463200000.0,76.75,76.44,76.991,76.39,237243.0
1659466800000.0,76.44,76.44,76.82,76.29,583685.0
1659535200000.0,76.83,76.5,77.035,76.36,162214.0
1659538800000.0,76.52,77.12,77.13,76.475,144682.0
1659542400000.0,77.11,77.12,77.22,76.94,194106.0
1659546000000.0,77.11,77.26,77.34,77.1,200740.0
1659549600000.0,77.26,77.14,77.51,77.14,234578.0
1659553200000.0,77.14,77.185,77.6,77.09,526340.0
1659621600000.0,77.445,77.46,77.595,77.14,165632.0
1659625200000.0,77.47,77.62,77.66,77.3,122152.0
1659628800000.0,77.62,77.56,77.775,77.4475,173712.0
1659632400000.0,77.57,77.55,77.61,77.29,238899.0
1659636000000.0,77.55,77.44,77.6,77.335,102742.0
1659639600000.0,77.43,77.51,77.66,77.395,355953.0
1659708000000.0,76.93,76.99,77.395,76.86,174913.0
1659711600000.0,77.0,76.64,77.03,76.48,106916.0
1659715200000.0,76.66,77.14,77.14,76.66,99043.0
1659718800000.0,77.13,77.19,77.38,77.09,105406.0
1659722400000.0,77.17,77.16,77.235,77.04,116142.0
1659726000000.0,77.17,77.54,77.59,77.16,365971.0
1659967200000.0,77.9,77.97,78.14,77.82,195135.0
1659970800000.0,77.99,77.72,78.0871,77.46,135634.0
1659974400000.0,77.71,77.635,77.83,77.35,136224.0
1659978000000.0,77.65,77.71,77.79,77.57,78222.0
1659981600000.0,77.7251,77.47,77.7251,77.37,134985.0
1659985200000.0,77.45,77.56,77.7,77.37,418337.0
1660053600000.0,76.66,76.98,77.135,76.66,119185.0
1660057200000.0,76.95,76.74,76.98,76.6598,130095.0
1660060800000.0,76.74,76.77,76.77,76.51,75988.0
1660064400000.0,76.79,76.68,76.8,76.55,99231.0
1660068000000.0,76.665,76.4587,76.68,76.175,148771.0
1660071600000.0,76.45,76.39,76.49,76.2491,424330.0
1660140000000.0,78.325,78.5147,78.69,78.2,298586.0
1660143600000.0,78.54,78.35,78.7,78.27,138118.0
1660147200000.0,78.38,77.96,78.4199,77.94,156130.0
1660150800000.0,77.975,78.18,78.26,77.91,158191.0
1660154400000.0,78.17,78.03,78.27,78.03,159462.0
1660158000000.0,78.03,78.29,78.445,77.97,520903.0
1660226400000.0,78.58,78.79,78.99,78.55,225118.0
1660230000000.0,78.77,78.31,78.78,78.23,143655.0
1660233600000.0,78.29,78.54,78.555,78.28,133432.0
1660237200000.0,78.53,78.44,78.545,78.36,90574.0
1660240800000.0,78.43,78.0,78.43,77.9,131444.0
1660244400000.0,78.0,77.92,78.01,77.785,287915.0
1660312800000.0,78.52,78.74,78.95,78.33,134396.0
1660316400000.0,78.73,78.82,78.99,78.69,96258.0
1660320000000.0,78.84,79.03,79.09,78.78,87291.0
1660323600000.0,79.03,79.16,79.25,79.02,122794.0
1660327200000.0,79.185,79.27,79.34,79.125,74165.0
1660330800000.0,79.28,79.46,79.53,79.215,383574.0
1660572000000.0,80.34,79.31,80.37,79.29,217304.0
1660575600000.0,79.27,79.63,79.63,79.05,91859.0
1660579200000.0,79.59,79.66,79.73,79.55,65100.0
1660582800000.0,79.67,79.53,79.76,79.48,73329.0
1660586400000.0,79.52,79.7,79.73,79.37,67238.0
1660590000000.0,79.71,79.63,79.72,79.53,214532.0
1660658400000.0,79.48,79.355,79.65,79.23,155993.0
1660662000000.0,79.36,79.61,79.72,79.36,109113.0
1660665600000.0,79.6,79.53,79.62,79.45,72399.0
1660669200000.0,79.54,79.77,79.81,79.52,87691.0
1660672800000.0,79.76,79.36,79.91,79.27,88132.0
1660676400000.0,79.35,79.58,79.63,79.26,213820.0
1660744800000.0,78.94,78.75,79.13,78.675,186058.0
1660748400000.0,78.74,78.78,79.04,78.68,135475.0
1660752000000.0,78.77,79.145,79.26,78.755,193268.0
1660755600000.0,79.145,79.325,79.35,78.97,166115.0
1660759200000.0,79.33,79.755,79.99,79.24,226592.0
1660762800000.0,79.7038,79.65,79.835,79.43,476790.0
1660831200000.0,79.935,80.0786,80.27,79.68,185942.0
1660834800000.0,80.09,80.0414,80.16,79.96,143651.0
1660838400000.0,80.03,79.8248,80.16,79.69,83740.0
1660842000000.0,79.83,79.855,80.01,79.75,96761.0
1660845600000.0,79.87,79.93,79.94,79.79,114896.0
1660849200000.0,79.93,80.14,80.43,79.9229,390583.0
1660917600000.0,79.35,79.27,79.55,79.27,241399.0
1660921200000.0,79.28,79.25,79.44,79.2,136603.0
1660924800000.0,79.24,79.085,79.37,79.02,223921.0
1660928400000.0,79.07,78.99,79.14,78.75,133721.0
1660932000000.0,78.9772,78.99,79.1,78.93,122731.0
1660935600000.0,79.01,79.2,79.29,78.8759,292835.0
1661176800000.0,78.0,77.705,78.04,77.61,167397.0
1661180400000.0,77.71,77.88,77.99,77.7,65358.0
1661184000000.0,77.89,77.73,77.98,77.6,89455.0
1661187600000.0,77.75,77.46,77.78,77.46,110284.0
1661191200000.0,77.455,77.41,77.58,77.36,104948.0
1661194800000.0,77.42,77.43,77.58,77.18,266417.0
1661263200000.0,77.9,77.775,78.15,77.74,119540.0
1661266800000.0,77.78,77.56,77.78,77.56,71575.0
1661270400000.0,77.57,77.53,77.6082,77.35,58926.0
1661274000000.0,77.53,77.39,77.63,77.3,75273.0
1661277600000.0,77.36,77.59,77.635,77.33,82335.0
1661281200000.0,77.6,77.49,77.7075,77.37,278679.0
1661349600000.0,77.13,77.22,77.495,77.0,184572.0
1661353200000.0,77.185,77.37,77.46,77.11,100725.0
1661356800000.0,77.38,77.05,77.43,77.0,61051.0
1661360400000.0,77.12,77.04,77.2,76.99,65374.0
1661364000000.0,77.05,77.05,77.11,76.92,82784.0
1661367600000.0,77.05,77.05,77.37,76.98,282650.0
1661436000000.0,77.96,77.94,78.15,77.705,169124.0
1661439600000.0,77.93,77.81,77.95,77.53,102654.0
1661443200000.0,77.84,77.575,77.84,77.4401,94348.0
1661446800000.0,77.58,77.86,77.905,77.57,85852.0
1661450400000.0,77.86,77.78,77.957,77.64,99048.0
1661454000000.0,77.78,78.38,78.38,77.73,309209.0
1661522400000.0,78.2,76.99,78.2,76.8,151971.0
1661526000000.0,76.93,76.83,76.97,76.56,113188.0
1661529600000.0,76.8309,76.63,76.8309,76.46,71681.0
1661533200000.0,76.62,76.33,76.66,76.28,89212.0
1661536800000.0,76.34,75.925,76.38,75.91,80086.0
1661540400000.0,75.94,75.47,76.015,75.39,354163.0
1661781600000.0,75.125,74.78,75.39,74.71,108930.0
1661785200000.0,74.8,75.095,75.12,74.79,71679.0
1661788800000.0,75.12,75.345,75.41,75.02,70680.0
1661792400000.0,75.3838,75.4,75.54,75.21,69867.0
1661796000000.0,75.42,75.26,75.42,75.11,92684.0
1661799600000.0,75.3,74.76,75.42,74.73,282165.0
1661868000000.0,74.71,74.2,75.03,73.82,118757.0
1661871600000.0,74.2,74.28,74.33,74.08,82693.0
1661875200000.0,74.24,74.25,74.48,74.15,74593.0
1661878800000.0,74.22,74.18,74.29,73.93,77949.0
1661882400000.0,74.19,74.23,74.31,74.1,85336.0
1661886000000.0,74.25,74.17,74.59,73.94,355161.0
1661954400000.0,74.28,73.9,74.33,73.75,171582.0
1661958000000.0,73.9,74.12,74.14,73.67,132148.0
1661961600000.0,74.11,73.86,74.15,73.8,62414.0
1661965200000.0,73.86,73.78,73.98,73.61,56838.0
1661968800000.0,73.77,73.64,73.9,73.53,94987.0
1661972400000.0,73.65,73.54,74.07,73.47,345785.0
1662040800000.0,72.72,72.4,72.81,72.35,165455.0
1662044400000.0,72.39,72.52,72.66,72.25,172205.0
1662048000000.0,72.53,72.31,72.65,72.23,113070.0
1662051600000.0,72.3,72.66,72.83,72.29,106333.0
1662055200000.0,72.68,73.21,73.24,72.61,138171.0
1662058800000.0,73.2,73.46,73.51,73.06,389370.0
1662127200000.0,73.835,74.34,74.63,73.63,98750.0
1662130800000.0,74.34,74.49,74.59,74.34,97739.0
1662134400000.0,74.52,73.6,74.58,73.4979,96721.0
1662138000000.0,73.59,72.645,73.59,72.645,122845.0
1662141600000.0,72.65,72.69,72.958,72.63,95229.0
1662145200000.0,72.68,72.59,72.9,72.21,325003.0
1662472800000.0,72.65,73.01,73.04,72.09,235078.0
1662476400000.0,72.96,73.34,73.4,72.88,160850.0
1662480000000.0,73.32,72.88,73.35,72.64,122999.0
1662483600000.0,72.89,72.61,72.89,72.35,118217.0
1662487200000.0,72.595,72.77,72.95,72.565,232325.0
1662490800000.0,72.76,72.83,72.99,72.58,431919.0
1662559200000.0,73.22,73.51,73.57,73.02,112444.0
1662562800000.0,73.52,73.735,73.83,73.46,123764.0
1662566400000.0,73.75,73.93,73.975,73.53,112763.0
1662570000000.0,73.92,74.1,74.23,73.87,113599.0
1662573600000.0,74.13,74.24,74.34,74.04,150358.0
1662577200000.0,74.24,74.25,74.48,74.09,426782.0
1662645600000.0,73.98,74.665,74.7,73.79,112155.0
1662649200000.0,74.7,74.706,74.87,74.62,101657.0
1662652800000.0,74.72,74.42,74.72,74.0,79928.0
1662656400000.0,74.39,74.63,74.76,74.24,82231.0
1662660000000.0,74.64,74.66,74.89,74.58,93401.0
1662663600000.0,74.68,74.89,74.91,74.52,235955.0
1662732000000.0,75.45,75.87,75.96,75.44,121853.0
1662735600000.0,75.86,75.73,75.885,75.62,89563.0
1662739200000.0,75.72,75.6498,75.745,75.36,114510.0
1662742800000.0,75.65,75.84,75.95,75.57,138372.0
1662746400000.0,75.85,75.9,75.94,75.73,130315.0
1662750000000.0,75.88,75.9,76.28,75.86,417668.0
1662991200000.0,76.19,76.02,76.4,76.0,338260.0
1662994800000.0,76.02,75.7,76.235,75.7,153627.0
1662998400000.0,75.71,76.065,76.0809,75.62,235391.0
1663002000000.0,76.07,76.22,76.28,75.97,175677.0
1663005600000.0,76.21,76.04,76.24,75.91,209228.0
1663009200000.0,76.07,76.3701,76.39,76.04,679371.0
1663077600000.0,74.87,75.0,75.36,74.77,704921.0
1663081200000.0,75.01,74.97,75.15,74.83,163575.0
1663084800000.0,74.98,75.13,75.36,74.96,124787.0
1663088400000.0,75.115,75.15,75.407,75.04,129976.0
1663092000000.0,75.135,74.83,75.1538,74.78,216273.0
1663095600000.0,74.82,74.2,74.85,73.94,559931.0
1663164000000.0,74.09,74.19,74.21,73.38,179849.0
1663167600000.0,74.19,74.02,74.39,74.0,130802.0
1663171200000.0,74.04,74.14,74.25,73.93,101272.0
1663174800000.0,74.15,73.63,74.18,73.56,129295.0
1663178400000.0,73.64,73.51,73.76,73.45,128038.0
1663182000000.0,73.51,73.94,74.02,73.22,314351.0
1663250400000.0,74.04,73.46,74.16,73.35,128562.0
1663254000000.0,73.43,73.11,73.53,73.0,106017.0
1663257600000.0,73.09,73.24,73.26,73.07,97805.0
1663261200000.0,73.24,73.3,73.6784,73.24,100811.0
1663264800000.0,73.32,73.23,73.36,72.99,164582.0
1663268400000.0,73.225,72.9,73.28,72.81,444893.0
1663336800000.0,71.78,72.07,72.52,71.78,188731.0
1663340400000.0,72.08,72.17,72.25,71.85,234905.0
1663344000000.0,72.17,71.8,72.18,71.56,236245.0
1663347600000.0,71.81,71.76,71.96,71.6,153661.0
1663351200000.0,71.77,72.37,72.4,71.74,235479.0
1663354800000.0,72.38,72.71,72.97,72.15,659796.0
1663596000000.0,72.455,72.94,73.16,72.39,134650.0
1663599600000.0,72.96,72.42,73.16,72.38,217195.0
1663603200000.0,72.385,72.67,72.7,72.18,145284.0
1663606800000.0,72.68,72.59,72.745,72.47,121569.0
1663610400000.0,72.6,72.64,72.685,72.38,204086.0
1663614000000.0,72.65,73.17,73.21,72.65,598844.0
1663682400000.0,71.88,72.01,72.17,71.54,397862.0
1663686000000.0,72.015,72.19,72.23,71.84,327354.0
1663689600000.0,72.19,71.985,72.26,71.85,158431.0
1663693200000.0,71.98,71.55,72.02,71.5,298262.0
1663696800000.0,71.54,72.09,72.145,71.54,237911.0
1663700400000.0,72.09,72.18,72.45,72.04,429314.0
1663768800000.0,73.22,73.26,73.42,72.99,338475.0
1663772400000.0,73.28,73.205,73.34,73.03,147553.0
1663776000000.0,73.2,73.18,73.425,73.165,119780.0
1663779600000.0,73.18,73.5,73.5,73.15,138787.0
1663783200000.0,73.38,73.57,73.9,72.17,514273.0
1663786800000.0,73.58,71.79,73.68,71.785,578089.0
1663855200000.0,70.47,69.96,70.63,69.93,218340.0
1663858800000.0,69.98,70.11,70.31,69.9,139446.0
1663862400000.0,70.1035,70.12,70.33,69.97,234710.0
1663866000000.0,70.11,70.03,70.135,69.91,179318.0
1663869600000.0,70.03,69.71,70.14,69.52,223057.0
1663873200000.0,69.74,69.53,70.17,69.52,471569.0
1663941600000.0,68.445,67.96,69.2,67.96,552107.0
1663945200000.0,67.95,68.14,68.36,67.8,464581.0
1663948800000.0,68.14,68.4,68.41,67.98,340989.0
1663952400000.0,68.4,68.35,68.585,68.29,225352.0
1663956000000.0,68.34,67.87,68.53,67.86,227578.0
1663959600000.0,67.86,68.87,68.91,67.86,713157.0
1664200800000.0,69.125,69.1,69.55,68.86,149775.0
1664204400000.0,69.1,68.805,69.1,68.42,189929.0
1664208000000.0,68.8168,68.49,68.8168,68.1923,127040.0
1664211600000.0,68.5,68.17,68.5,68.01,168953.0
1664215200000.0,68.17,68.62,68.72,68.16,127064.0
1664218800000.0,68.6,68.31,68.87,68.21,479689.0
1664287200000.0,68.8922,69.03,69.1,68.49,220242.0
1664290800000.0,69.03,68.56,69.185,68.4908,244894.0
1664294400000.0,68.54,68.13,68.57,67.855,160443.0
1664298000000.0,68.11,67.85,68.145,67.73,238743.0
1664301600000.0,67.86,68.28,68.43,67.81,154809.0
1664305200000.0,68.24,68.32,68.45,67.99,451313.0
1664373600000.0,68.21,68.5138,68.67,67.84,255810.0
1664377200000.0,68.45,68.89,68.9181,68.41,161834.0
1664380800000.0,68.905,69.01,69.1,68.75,170112.0
1664384400000.0,69.02,68.92,69.26,68.8,160532.0
1664388000000.0,68.94,69.2,69.28,68.91,149116.0
1664391600000.0,69.18,69.36,69.73,69.18,428513.0
1664460000000.0,68.01,67.82,68.03,67.575,193200.0
1664463600000.0,67.8,68.31,68.5013,67.8,128059.0
1664467200000.0,68.3,68.03,68.39,68.01,116489.0
1664470800000.0,68.03,67.45,68.03,67.45,142025.0
1664474400000.0,67.43,67.45,67.75,67.35,100000.0
1664478000000.0,67.45,67.96,68.01,67.44,410080.0
1664546400000.0,67.98,68.38,68.42,67.8,177840.0
1664550000000.0,68.41,68.18,68.68,68.16,117413.0
1664553600000.0,68.17,68.12,68.17,67.905,117820.0
1664557200000.0,68.1,67.77,68.21,67.73,116786.0
1664560800000.0,67.76,67.28,67.93,67.24,133853.0
1664564400000.0,67.27,67.01,67.54,66.87,654395.0
1664805600000.0,67.82,68.77,68.98,67.8,185896.0
1664809200000.0,68.77,68.78,68.97,68.63,169646.0
1664812800000.0,68.81,68.9,69.02,68.67,116809.0
1664816400000.0,68.91,69.14,69.26,68.8702,149088.0
1664820000000.0,69.17,69.695,69.79,69.15,204627.0
1664823600000.0,69.68,69.37,69.75,69.31,553790.0
1664892000000.0,71.19,71.4,71.58,71.15,350217.0
1664895600000.0,71.4,71.41,71.56,71.26,235825.0
1664899200000.0,71.42,71.37,71.535,71.221,165899.0
1664902800000.0,71.37,71.39,71.48,70.92,197742.0
1664906400000.0,71.37,71.375,71.435,71.13,200034.0
1664910000000.0,71.38,71.65,71.66,71.16,618668.0
1664978400000.0,71.29,70.775,71.36,70.77,217563.0
1664982000000.0,70.74,71.24,71.29,70.74,135474.0
1664985600000.0,71.24,71.69,71.78,71.0573,119236.0
1664989200000.0,71.68,71.74,72.03,71.66,132266.0
1664992800000.0,71.75,71.95,72.01,71.72,126036.0
1664996400000.0,71.99,71.88,72.32,71.8,432984.0
1665064800000.0,72.33,72.88,72.88,71.93,289585.0
1665068400000.0,72.89,72.73,73.15,72.58,252979.0
1665072000000.0,72.72,72.78,72.94,72.64,157892.0
1665075600000.0,72.785,72.62,72.89,72.57,137649.0
1665079200000.0,72.62,72.31,72.62,72.12,166863.0
1665082800000.0,72.323,72.4,72.55,72.205,570975.0
1665151200000.0,70.53,70.55,70.815,70.43,205449.0
1665154800000.0,70.59,70.38,70.69,70.2,213076.0
1665158400000.0,70.38,70.14,70.5,69.985,153270.0
1665162000000.0,70.12,70.195,70.42,69.93,157340.0
1665165600000.0,70.19,70.2,70.32,70.1,183855.0
1665169200000.0,70.22,70.22,70.4,69.83,655039.0
1665410400000.0,69.52,69.35,69.87,69.17,220438.0
1665414000000.0,69.305,69.61,69.66,69.19,150500.0
1665417600000.0,69.61,68.98,69.645,68.95,167916.0
1665421200000.0,68.95,69.58,69.74,68.745,129602.0
1665424800000.0,69.59,69.4,69.661,69.27,131670.0
1665428400000.0,69.41,69.31,69.7,69.29,354863.0
1665496800000.0,68.44,68.265,68.67,68.21,188950.0
1665500400000.0,68.26,68.6326,68.81,68.225,232270.0
1665504000000.0,68.64,68.77,69.04,68.35,229558.0
1665507600000.0,68.77,68.545,68.84,68.45,174442.0
1665511200000.0,68.54,67.73,68.63,67.72,173013.0
1665514800000.0,67.74,67.67,67.835,67.36,511285.0
1665583200000.0,67.95,67.55,68.125,67.38,149851.0
1665586800000.0,67.52,67.835,67.845,67.52,112040.0
1665590400000.0,67.84,67.68,67.97,67.43,148962.0
1665594000000.0,67.68,67.335,67.73,67.24,123895.0
1665597600000.0,67.36,67.2136,67.5497,67.17,161679.0
1665601200000.0,67.1823,67.14,67.41,67.115,425988.0
1665669600000.0,65.91,66.77,67.0,65.88,282477.0
1665673200000.0,66.71,68.48,68.88,66.71,353982.0
1665676800000.0,68.49,68.7,68.83,68.17,218640.0
1665680400000.0,68.71,69.19,69.505,68.7,287644.0
1665684000000.0,69.17,69.45,69.5,68.82,218075.0
1665687600000.0,69.43,69.27,69.65,69.121,644471.0
1665756000000.0,69.39,68.42,69.39,68.2451,194454.0
1665759600000.0,68.41,67.515,68.69,67.38,300668.0
1665763200000.0,67.51,67.16,67.7,67.16,135430.0
1665766800000.0,67.16,67.35,67.36,67.01,149885.0
1665770400000.0,67.41,67.1,67.41,66.95,116825.0
1665774000000.0,67.11,67.12,67.39,66.95,568960.0
1666015200000.0,69.09,68.75,69.43,68.42,509047.0
1666018800000.0,68.75,69.04,69.165,68.555,188328.0
1666022400000.0,69.05,69.14,69.27,68.93,147751.0
1666026000000.0,69.14,69.41,69.51,69.03,167160.0
1666029600000.0,69.4,69.42,69.6,69.32,158562.0
1666033200000.0,69.4,69.37,69.66,69.27,475342.0
1666101600000.0,70.73,70.33,70.845,70.06,226386.0
1666105200000.0,70.3,69.8,70.39,69.41,193509.0
1666108800000.0,69.77,70.15,70.385,69.64,184429.0
1666112400000.0,70.16,70.301,70.43,69.92,187987.0
1666116000000.0,70.3,69.65,70.41,69.37,210791.0
1666119600000.0,69.63,70.13,70.18,69.52,717203.0
1666188000000.0,69.45,69.69,70.05,69.33,136246.0
1666191600000.0,69.67,70.09,70.18,69.64,175828.0
1666195200000.0,70.085,69.85,70.12,69.63,271910.0
1666198800000.0,69.84,69.69,69.86,69.51,187166.0
1666202400000.0,69.68,69.79,69.96,69.65,147256.0
1666206000000.0,69.7919,70.1,70.16,69.74,409238.0
1666274400000.0,70.12,70.59,70.81,70.085,210733.0
1666278000000.0,70.59,70.07,70.645,70.0,250828.0
1666281600000.0,70.07,69.31,70.1,69.14,194272.0
1666285200000.0,69.29,68.88,69.32,68.77,158578.0
1666288800000.0,68.88,69.07,69.155,68.64,192968.0
1666292400000.0,69.07,69.11,69.29,68.92,518368.0
1666360800000.0,70.575,70.15,70.955,69.96,295115.0
1666364400000.0,70.165,70.91,71.0,69.99,179902.0
1666368000000.0,70.95,71.17,71.31,70.73,148971.0
1666371600000.0,71.16,71.27,71.3,71.005,113358.0
1666375200000.0,71.275,71.31,71.39,71.07,207576.0
1666378800000.0,71.32,71.61,71.85,71.31,607285.0
1666620000000.0,71.77,71.27,71.77,70.67,449532.0
1666623600000.0,71.275,71.905,71.92,71.06,402079.0
1666627200000.0,71.91,71.72,72.09,71.72,344888.0
1666630800000.0,71.715,71.49,71.72,71.45,162339.0
1666634400000.0,71.5,72.04,72.0684,71.46,232238.0
1666638000000.0,72.03,71.64,72.24,71.63,836749.0
1666706400000.0,71.69,71.915,71.99,71.36,302418.0
1666710000000.0,71.92,72.435,72.52,71.9,426482.0
1666713600000.0,72.44,72.395,72.73,72.34,227447.0
1666717200000.0,72.4,72.325,72.515,72.1,335158.0
1666720800000.0,72.32,72.38,72.66,72.315,235494.0
1666724400000.0,72.37,72.8,72.8989,72.37,630225.0
1666792800000.0,72.74,73.67,73.82,72.74,380808.0
1666796400000.0,73.68,73.51,73.99,73.42,481993.0
1666800000000.0,73.53,73.2,73.79,73.17,294304.0
1666803600000.0,73.195,73.02,73.195,72.265,594406.0
1666807200000.0,73.03,73.19,73.25,72.81,321403.0
1666810800000.0,73.19,73.19,73.28,72.92,747151.0
1666879200000.0,73.39,73.73,74.315,73.34,255616.0
1666882800000.0,73.72,73.78,74.07,73.69,214179.0
1666886400000.0,73.785,74.0705,74.09,73.75,257025.0
1666890000000.0,74.08,74.02,74.37,73.92,236050.0
1666893600000.0,74.03,74.1,74.16,73.91,216053.0
1666897200000.0,74.11,73.88,74.32,73.61,1094558.0
1666965600000.0,74.94,75.45,75.45,74.265,258903.0
1666969200000.0,75.45,75.79,75.86,75.27,301645.0
1666972800000.0,75.795,76.07,76.13,75.715,222301.0
1666976400000.0,76.07,76.165,76.24,75.92,158789.0
1666980000000.0,76.17,76.52,76.605,76.03,249523.0
1666983600000.0,76.52,76.4,76.69,76.35,779392.0
1667224800000.0,76.07,76.25,76.465,76.0,237729.0
1667228400000.0,76.26,76.55,76.82,76.245,249421.0
1667232000000.0,76.58,76.29,76.72,76.18,153274.0
1667235600000.0,76.28,76.32,76.445,76.19,123035.0
1667239200000.0,76.31,76.17,76.505,76.14,159645.0
1667242800000.0,76.185,75.84,76.19,75.755,599908.0
1667311200000.0,76.61,75.59,76.64,75.55,195551.0
1667314800000.0,75.61,75.99,76.05,75.4,217129.0
1667318400000.0,75.98,76.22,76.385,75.87,242150.0
1667322000000.0,76.22,76.46,76.46,76.11,198970.0
1667325600000.0,76.46,76.86,76.91,76.4,384023.0
1667329200000.0,76.865,76.79,77.09,76.69,1088627.0
1667397600000.0,75.6,75.72,75.925,75.53,292514.0
1667401200000.0,75.74,75.715,75.9,75.46,209294.0
1667404800000.0,75.72,75.815,75.835,75.38,183151.0
1667408400000.0,75.83,75.79,75.98,75.61,130780.0
1667412000000.0,75.8,75.04,76.67,74.59,545772.0
1667415600000.0,75.01,73.97,75.41,73.95,668943.0
1667484000000.0,72.93,74.025,74.08,72.82,377859.0
1667487600000.0,74.025,73.95,74.025,73.5,218393.0
1667491200000.0,73.95,74.57,74.675,73.83,209512.0
1667494800000.0,74.57,74.09,74.6,74.08,216651.0
1667498400000.0,74.085,74.625,74.63,73.92,282479.0
1667502000000.0,74.625,74.23,74.66,74.14,679633.0
1667570400000.0,75.91,75.63,76.41,75.57,269498.0
1667574000000.0,75.645,74.73,75.76,74.68,440197.0
1667577600000.0,74.75,74.7,75.1,74.48,280370.0
1667581200000.0,74.69,74.62,74.84,74.41,203729.0
1667584800000.0,74.63,75.67,75.76,74.6,238189.0
1667588400000.0,75.69,76.3,76.4,75.64,614149.0
1667833200000.0,75.5,76.0,76.18,75.5,194581.0
1667836800000.0,76.05,75.62,76.1,75.55,165992.0
1667840400000.0,75.63,75.4,75.79,75.34,395475.0
1667844000000.0,75.39,75.59,75.67,75.38,170149.0
1667847600000.0,75.61,75.82,76.0,75.58,650665.0
1667851200000.0,75.825,75.88,76.09,75.765,636414.0
1667919600000.0,76.22,76.485,76.6,76.035,359706.0
1667923200000.0,76.48,76.37,76.6,76.29,205944.0
1667926800000.0,76.38,76.38,76.57,76.2,157393.0
1667930400000.0,76.38,75.78,76.56,75.72,227516.0
1667934000000.0,75.75,75.8,76.06,75.18,213834.0
1667937600000.0,75.8,75.94,76.5,75.8,485173.0
1668006000000.0,75.37,75.41,75.92,75.24,187979.0
1668009600000.0,75.435,75.405,75.6525,75.27,312498.0
