{
  "api_key": "sLZOxkiTqS_vTXuytWNwfGiAMyTtPI7o",
  "tickers": ["GE", "BUD", "AAPL"],
  "logging": false,
  "backtest": false,
  "process_load_size": 100,
  "test_mode": false,
  "trading_hours_only": false,
  "output_dir": "/tmp/",
  "test_date": "2023-07-10",
  "backtest_days": 365,
  "backtest_alert_count": 3,
  "report_alert_min": 2,
  "timespan": "hour",
  "test_population_size": 100,
  "adx_threshold": 25,
  "sma_window": 10,
  "rsi_overbought_threshold": 70,
  "rsi_oversold_threshold": 30

}