o,c,h,l,v,t
35.13,35.24,35.375,34.66,45558,1657720800000
35.26,35.2,35.58,35.11,40853,1657724400000
35.17,35.18,35.28,34.86,23667,1657728000000
35.13,35.84,35.92,35.1,40525,1657731600000
35.85,35.535,35.86,35.48,50396,1657735200000
35.535,35.33,35.55,35.24,92804,1657738800000
34.6319,34.3,34.81,34.3,37356,1657807200000
34.325,33.68,34.42,33.53,57337,1657810800000
33.66,33.31,33.97,33.19,55665,1657814400000
33.385,33.22,33.385,32.97,49397,1657818000000
33.17,33.95,34.01,33.1201,45893,1657821600000
33.98,33.99,34.21,33.82,101341,1657825200000
33.56,34.01,34.33,33.27,72143,1657893600000
34.0399,34.21,34.285,33.88,80952,1657897200000
34.17,34.27,34.27,34,72805,1657900800000
34.27,34.125,34.27,34.07,57165,1657904400000
34.11,34.145,34.22,33.95,60488,1657908000000
34.12,33.93,34.12,33.88,203941,1657911600000
35.01,35.32,35.39,34.79,35653,1658152800000
35.32,35.5,35.63,35.24,59523,1658156400000
35.5,35.58,35.8,35.45,48555,1658160000000
35.565,35.34,35.62,35.3352,48497,1658163600000
35.32,35.34,35.57,35.271,56299,1658167200000
35.34,35.37,35.46,35.15,142706,1658170800000
35.29,35.89,35.9999,35.22,111883,1658239200000
35.97,35.5,36.07,35.4,26029,1658242800000
35.54,35.615,36.04,35.42,38482,1658246400000
35.62,35.94,36,35.57,31580,1658250000000
35.94,36.1,36.17,35.78,47821,1658253600000
36.16,36.3,36.46,36.14,113772,1658257200000
36.63,36.1,36.775,36.06,42163,1658325600000
35.96,35,35.96,34.9144,40605,1658329200000
35.04,34.76,35.165,34.69,48047,1658332800000
34.75,34.71,34.97,34.55,35605,1658336400000
34.76,35.03,35.28,34.67,28380,1658340000000
35.02,35.21,35.21,35,93690,1658343600000
36.7,36.07,36.82,35.785,54327,1658412000000
36.06,36.91,36.91,36.05,51053,1658415600000
36.89,36.66,37.14,36.62,24195,1658419200000
36.66,36.86,36.86,36.59,16064,1658422800000
36.93,37.07,37.215,36.9,44202,1658426400000
37.045,37.26,37.41,37,117598,1658430000000
36.83,36.44,37,36.38,58000,1658498400000
36.39,36.01,36.51,35.93,40489,1658502000000
36.05,36.0705,36.13,35.91,37342,1658505600000
36.075,35.55,36.075,35.44,27247,1658509200000
35.52,35.32,35.52,35.22,25637,1658512800000
35.2,35.4,35.63,35.15,73525,1658516400000
35.4099,35.47,35.56,35.03,19893,1658757600000
35.41,35.79,35.85,35.37,12255,1658761200000
35.75,35.59,35.81,35.57,8304,1658764800000
35.56,35.48,35.62,35.37,23746,1658768400000
35.505,35.65,35.75,35.46,25391,1658772000000
35.63,36,36,35.53,63008,1658775600000
36,35.93,36.03,35.48,22080,1658844000000
36.03,35.77,36.22,35.63,35990,1658847600000
35.77,35.915,36.05,35.77,15493,1658851200000
35.94,36.28,36.34,35.89,67681,1658854800000
36.305,36.33,36.48,36.11,28691,1658858400000
36.3,36.82,36.87,36.27,92662,1658862000000
36.66,36.35,36.77,36.19,54072,1658930400000
36.495,36.83,36.905,36.37,34985,1658934000000
36.88,37.14,37.175,36.81,24562,1658937600000
37.09,37.16,37.28,37.04,31392,1658941200000
37.24,37.225,37.44,36.97,50986,1658944800000
37.225,37.2,37.415,37.1,110898,1658948400000
36.335,36.15,36.34,35.72,85445,1659016800000
36.16,36.71,36.97,36.16,64584,1659020400000
36.735,36.645,36.965,36.595,54074,1659024000000
36.555,36.77,36.8999,36.46,43060,1659027600000
36.745,36.735,36.76,36.45,43846,1659031200000
36.725,36.53,36.96,36.51,241652,1659034800000
35.05,35.29,35.56,34.98,81941,1659103200000
35.285,34.785,35.48,34.41,244660,1659106800000
34.71,35,35,34.515,49929,1659110400000
35,34.97,35.08,34.87,75176,1659114000000
35,35.045,35.07,34.905,62779,1659117600000
35.06,35.69,35.81,35.06,146456,1659121200000
34.18,33.585,34.18,33.18,76134,1659362400000
33.55,34.02,34.15,33.52,43880,1659366000000
34.015,33.985,34.395,33.95,72117,1659369600000
33.96,33.575,34.03,33.225,47589,1659373200000
33.58,34.03,34.05,33.41,95748,1659376800000
34.03,33.75,34.06,33.68,161866,1659380400000
33.78,34.86,34.87,33.66,46081,1659448800000
34.85,35.09,35.34,34.01,142357,1659452400000
35.12,35.42,35.68,34.855,43321,1659456000000
35.39,35.465,35.5,35.2,30734,1659459600000
35.49,35.465,35.58,35.3776,62963,1659463200000
35.52,35.62,35.81,35.41,130910,1659466800000
37.2,37.53,38.18,37.14,136956,1659535200000
37.54,38,38.13,37.45,61819,1659538800000
38.055,38.5,38.6,38,26336,1659542400000
38.46,38.6,39.12,38.4245,98605,1659546000000
38.56,39.03,39.33,38.53,66542,1659549600000
39.0212,39.77,39.99,38.98,229175,1659553200000
38.66,38.625,39.355,38.36,85922,1659621600000
38.61,38.555,38.92,38.19,84862,1659625200000
38.48,39.005,39.165,38.41,59739,1659628800000
39.005,38.56,39.09,38.24,51524,1659632400000
38.44,38.64,38.73,38.44,69122,1659636000000
38.62,38.6,38.79,38.43,153230,1659639600000
38.02,38.03,38.16,37.78,65633,1659708000000
38.01,37.985,38.07,37.87,89712,1659711600000
37.99,38.055,38.1,37.91,33778,1659715200000
38.02,37.79,38.08,37.79,41050,1659718800000
37.795,37.855,37.9,37.56,55629,1659722400000
37.9,38,38.02,37.73,107463,1659726000000
37.73,36.8922,37.965,36.66,133448,1659967200000
36.95,36.32,37.14,36.32,74030,1659970800000
36.28,36.39,36.39,36.11,38460,1659974400000
36.49,36.8,36.85,36.42,33606,1659978000000
36.79,36.78,36.88,36.67,37007,1659981600000
36.77,36.21,36.98,36.13,96907,1659985200000
36.44,35.87,36.46,35.78,45638,1660053600000
35.86,36.15,36.3,35.68,35252,1660057200000
36.18,36.35,36.54,36.13,11827,1660060800000
36.38,35.945,36.405,35.88,18892,1660064400000
35.965,36.025,36.097,35.78,47851,1660068000000
36.0872,36.19,36.35,35.97,37932,1660071600000
35.94,35.33,36.035,35.08,66246,1660140000000
35.34,35.475,35.53,35.09,47433,1660143600000
35.53,35.63,35.96,35.53,15163,1660147200000
35.64,35.64,35.7895,35.56,22500,1660150800000
35.64,35.45,35.82,35.38,29005,1660154400000
35.43,35.51,35.66,35.33,72086,1660158000000
37.95,36.935,38.025,36.87,160726,1660226400000
36.8956,36.4,36.94,36.13,85383,1660230000000
36.43,36.2,36.505,36.15,59664,1660233600000
36.23,36.25,36.465,36.08,34682,1660237200000
36.27,36.02,36.4125,35.91,35431,1660240800000
36.05,36.05,36.34,36.03,76812,1660244400000
35.44,34.72,35.63,34.45,96181,1660312800000
34.805,35.3,35.3,34.805,35943,1660316400000
35.28,35.27,35.47,35.16,32678,1660320000000
35.28,35,35.28,34.96,36347,1660323600000
35.045,34.92,35.2,34.84,72905,1660327200000
34.905,35.23,35.24,34.801,149937,1660330800000
34.54,35.16,35.17,34.31,81414,1660572000000
35.15,35.76,35.96,35.14,42397,1660575600000
35.78,35.48,35.94,35.425,35149,1660579200000
35.49,35.37,35.52,34.87,46273,1660582800000
35.37,35.32,35.43,35.09,43004,1660586400000
35.34,35.15,35.48,35.14,144001,1660590000000
35.21,35.07,35.82,35.02,80161,1660658400000
35.045,35.04,35.375,35.04,57162,1660662000000
35.075,35.435,35.545,35,85980,1660665600000
35.455,35.09,35.53,35.05,54611,1660669200000
35.12,35.57,35.685,35.07,73218,1660672800000
35.56,35.44,35.6,35.36,243464,1660676400000
34.665,35.05,35.63,34.5,57861,1660744800000
35.07,34.99,35.53,34.99,24405,1660748400000
35.06,35.17,35.41,35.06,19198,1660752000000
35.14,35.22,35.285,35.11,12798,1660755600000
35.29,35.39,35.59,35.29,29075,1660759200000
35.39,35.08,35.41,35.08,57799,1660762800000
35.26,34.94,35.26,34.77,34863,1660831200000
34.94,34.99,35.02,34.33,59942,1660834800000
34.99,35.12,35.15,34.89,27832,1660838400000
35.13,35.12,35.24,34.905,42592,1660842000000
35.09,35.005,35.09,34.938,12450,1660845600000
35.005,34.57,35.03,34.56,50309,1660849200000
35.01,34.54,35.14,34.51,99407,1660917600000
34.63,34.39,34.9,34.39,20904,1660921200000
34.465,34.4,34.595,34.25,10010,1660924800000
34.45,35.15,35.17,34.33,30054,1660928400000
35.1199,34.88,35.145,34.88,30370,1660932000000
34.93,34.8,35.04,34.8,69667,1660935600000
35.095,34.93,35.25,34.85,132542,1661176800000
34.98,35.1,35.18,34.865,69044,1661180400000
35.09,35.1,35.24,34.95,72315,1661184000000
35.11,34.9,35.195,34.78,21441,1661187600000
34.82,35.04,35.0949,34.82,22122,1661191200000
35.015,35.03,35.08,34.79,141130,1661194800000
35.02,34.96,35.1,34.72,96710,1661263200000
34.98,34.95,35.02,34.84,64402,1661266800000
34.95,34.9,34.95,34.71,12843,1661270400000
34.93,34.21,34.93,34.03,30496,1661274000000
34.25,34.76,34.8,34.25,51168,1661277600000
34.775,34.75,34.92,34.64,108649,1661281200000
34.76,35.51,35.585,34.69,131062,1661349600000
35.56,35.415,35.87,35.25,123751,1661353200000
35.44,35.25,35.5,35.125,35809,1661356800000
35.27,35.29,35.33,35.21,35732,1661360400000
35.3,35.175,35.39,35.14,38131,1661364000000
35.17,35.47,35.54,35.15,115190,1661367600000
36.18,37.46,37.55,35.96,421308,1661436000000
37.42,37.325,37.545,37.03,152088,1661439600000
37.325,37.64,37.86,37.21,87257,1661443200000
37.64,37.835,37.97,37.55,192370,1661446800000
37.835,37.52,37.88,37.47,65589,1661450400000
37.525,37.26,37.59,37.16,143132,1661454000000
37.5,37.03,37.65,36.57,94785,1661522400000
37.115,37.43,37.46,36.6,49234,1661526000000
37.42,37.03,37.42,36.88,69438,1661529600000
36.96,36.81,37.02,36.06,48422,1661533200000
36.88,37,37.09,36.83,35771,1661536800000
36.995,36.98,37.05,36.87,104244,1661540400000
36.68,36.19,36.85,36.14,22340,1661781600000
36.21,35.56,36.295,35.275,35102,1661785200000
35.67,35.69,35.965,35.63,17897,1661788800000
35.54,35.2,35.625,34.98,60564,1661792400000
35.1,34.9,35.1325,34.815,41840,1661796000000
35,34.4,35.21,34.38,112701,1661799600000
33.36,33.81,33.95,33.36,82664,1661868000000
33.86,33.75,33.98,33.61,47303,1661871600000
33.75,33.62,33.845,33.57,32908,1661875200000
33.63,34.03,34.05,33.48,142003,1661878800000
34.03,34.04,34.22,33.9,59106,1661882400000
34.04,34.2,34.285,33.98,199919,1661886000000
35.91,35.48,36.305,35.48,150537,1661954400000
35.45,35.55,35.885,35.38,66089,1661958000000
35.575,35.75,35.83,35.35,45610,1661961600000
35.75,35.655,35.77,35.58,38881,1661965200000
35.655,35.21,35.6775,35.21,124719,1661968800000
35.2,35.63,35.72,34.995,381135,1661972400000
34.81,34.345,34.92,34.19,46642,1662040800000
34.345,33.85,34.57,33.8,151268,1662044400000
33.86,33.23,34.07,33.23,59052,1662048000000
33.22,33.61,33.74,33.12,52405,1662051600000
33.595,33.88,34,33.595,53339,1662055200000
33.87,33.96,33.98,33.43,197770,1662058800000
33.54,34.145,34.31,33.5,79208,1662127200000
34.18,33.94,34.19,33.78,70383,1662130800000
33.94,33.752,33.94,33.64,26889,1662134400000
33.75,33.99,34.07,33.69,52640,1662138000000
33.995,33.93,34.05,33.8709,59661,1662141600000
33.94,34.01,34.055,33.84,129464,1662145200000
33.76,33.86,33.95,33.23,78857,1662472800000
33.86,33.7,33.87,33.5,66499,1662476400000
33.66,33.35,33.68,33.25,39383,1662480000000
33.33,33.37,33.44,33.2,51758,1662483600000
33.39,33.33,33.68,33.3,43602,1662487200000
33.36,33.23,33.59,33.23,145502,1662490800000
33.65,34,34.06,33.58,60853,1662559200000
34,34,34.075,33.84,75911,1662562800000
34,34,34.01,33.915,29645,1662566400000
34,33.95,34.01,33.93,46046,1662570000000
33.975,34.465,34.48,33.935,95016,1662573600000
34.55,34.21,34.56,34.21,76867,1662577200000
33.07,33.52,33.84,33.07,89527,1662645600000
33.51,33.45,33.61,33.39,55122,1662649200000
33.47,33.56,33.6299,33.19,64967,1662652800000
33.53,33.56,33.8,33.395,56360,1662656400000
33.55,33.54,33.68,33.5,58110,1662660000000
33.54,33.53,33.6,33.43,179970,1662663600000
34.82,34.425,34.895,34.395,40499,1662732000000
34.48,34.69,34.71,34.41,17586,1662735600000
34.69,34.9,34.925,34.64,36611,1662739200000
34.87,34.825,34.99,34.64,40044,1662742800000
34.785,34.97,34.97,34.65,50199,1662746400000
34.95,34.9126,35,34.75,168791,1662750000000
35.42,35.78,36.06,35.285,85215,1662991200000
35.815,36.22,36.41,35.71,48964,1662994800000
36.25,36.72,36.72,36.07,134702,1662998400000
36.73,36.45,36.805,36.37,36529,1663002000000
36.45,36.43,36.615,36.29,50513,1663005600000
36.43,36.27,36.515,36.125,153545,1663009200000
35.06,35.49,35.66,34.895,41445,1663077600000
35.465,35.4,35.52,35.24,22957,1663081200000
35.4,35.36,35.49,35.31,13751,1663084800000
35.37,34.73,35.4084,34.68,30055,1663088400000
34.76,34.145,34.91,34.11,29674,1663092000000
34.135,34.23,34.295,33.86,101986,1663095600000
33.5,32.86,33.5,32.62,31358,1663164000000
32.9,33.38,33.45,32.88,34441,1663167600000
33.37,33.245,33.39,33.14,20183,1663171200000
33.23,33.69,33.71,33.195,62596,1663174800000
33.68,33.565,33.83,33.565,25196,1663178400000
33.6,33.82,33.89,33.57,75159,1663182000000
33.54,33.35,33.86,33.35,29107,1663250400000
33.38,33.655,33.7,33.37,14844,1663254000000
33.69,33.84,33.84,33.52,26445,1663257600000
33.87,33.94,33.94,33.81,19421,1663261200000
33.92,33.91,34.12,33.88,27249,1663264800000
33.91,33.93,34,33.8,78390,1663268400000
32.7,33.3,33.495,32.48,71243,1663336800000
33.315,32.89,33.35,32.885,64950,1663340400000
32.89,32.875,33.07,32.81,95433,1663344000000
32.85,32.66,32.8725,32.535,43401,1663347600000
32.65,32.56,32.695,32.33,57201,1663351200000
32.54,32.81,32.84,32.438,168611,1663354800000
32.585,32.53,32.72,32.1,30538,1663596000000
32.59,32.49,32.72,32.46,32178,1663599600000
32.53,32.59,32.78,32.48,30663,1663603200000
32.59,32.18,32.6,32.15,81251,1663606800000
32.185,32.14,32.41,32.14,57596,1663610400000
32.19,32.33,32.35,32.14,127122,1663614000000
32.58,33.515,33.66,32.56,48947,1663682400000
33.51,33.29,33.72,33.19,39877,1663686000000
33.24,32.99,33.35,32.99,27279,1663689600000
33.03,32.79,33.42,32.75,45368,1663693200000
32.75,32.58,32.83,32.53,56969,1663696800000
32.66,32.81,32.87,32.54,138344,1663700400000
31.51,31.63,31.87,31.51,44173,1663768800000
31.7,31.4,31.83,31.36,35362,1663772400000
31.33,31.495,31.735,31.31,63715,1663776000000
31.495,30.6,31.56,30.52,136037,1663779600000
30.53,30.87,31.21,30.15,120334,1663783200000
30.94,30.17,30.94,30.13,135956,1663786800000
31.23,31.77,32.03,31.19,105952,1663855200000
31.73,31.4,31.875,31.21,49737,1663858800000
31.425,31.285,31.49,30.98,55494,1663862400000
31.24,31.415,31.45,31.175,36957,1663866000000
31.41,31.27,31.435,31.08,44939,1663869600000
31.28,31.12,31.52,31.11,93399,1663873200000
30.68,30.99,31.21,30.5,41968,1663941600000
30.95,31.03,31.2,30.91,23021,1663945200000
31.04,30.74,31.075,30.68,32668,1663948800000
30.79,30.84,30.92,30.64,27530,1663952400000
30.925,30.78,31.115,30.76,29748,1663956000000
30.86,30.51,30.9,30.36,156763,1663959600000
31.45,31.22,31.4515,31.11,42962,1664200800000
31.21,30.96,31.31,30.755,46622,1664204400000
30.915,30.945,31.045,30.77,24745,1664208000000
30.87,30.87,30.99,30.79,29591,1664211600000
30.845,30.565,30.93,30.48,70454,1664215200000
30.54,30.51,30.7,30.315,88944,1664218800000
31.19,31.44,31.56,30.8,43996,1664287200000
31.44,30.58,31.52,30.51,34787,1664290800000
30.56,30.29,30.6,30,49472,1664294400000
30.31,30.16,30.35,30.09,90627,1664298000000
30.115,30.095,30.16,29.86,54213,1664301600000
30.065,30.12,30.3,29.96,141130,1664305200000
30.3,30.345,30.66,30.17,32721,1664373600000
30.35,30.3625,30.42,29.98,30862,1664377200000
30.355,30.5,30.53,30.295,27649,1664380800000
30.52,30.28,30.52,30.27,33014,1664384400000
30.33,30.39,30.49,30.26,34206,1664388000000
30.39,30.35,30.59,30.33,96506,1664391600000
29.62,29.49,29.86,29.3584,101197,1664460000000
29.47,29.53,29.7312,29.435,48824,1664463600000
29.48,29.17,29.56,28.94,39291,1664467200000
29.18,29.005,29.3,28.9701,45010,1664470800000
28.99,28.91,29.02,28.695,51526,1664474400000
28.92,29.19,29.29,28.88,118957,1664478000000
29.105,29.47,29.51,29.03,10338,1664546400000
29.6,29.2797,29.68,29.25,14633,1664550000000
29.25,29.17,29.35,29.12,18471,1664553600000
29.131,29.08,29.25,29.03,23223,1664557200000
29.12,28.79,29.16,28.78,32538,1664560800000
28.78,28.74,28.9181,28.71,90394,1664564400000
29.39,29.73,29.87,29.34,62971,1664805600000
29.68,29.83,29.83,29.56,31549,1664809200000
29.86,30.04,30.07,29.785,37150,1664812800000
30.04,30.44,30.44,30.04,32228,1664816400000
30.44,30.59,30.85,30.44,64746,1664820000000
30.555,30.5,30.67,30.4,119217,1664823600000
31.47,31.57,31.73,31.065,88452,1664892000000
31.515,31.5,31.69,31.335,72100,1664895600000
31.51,31.1423,31.53,31.12,42673,1664899200000
31.17,31.55,31.59,30.88,55292,1664902800000
31.56,31.47,31.58,31.38,52051,1664906400000
31.49,31.54,31.59,31.28,139615,1664910000000
31.86,31.56,32.005,31.47,47527,1664978400000
31.55,31.53,31.649,31.32,30190,1664982000000
31.61,31.65,31.835,31.58,17539,1664985600000
31.71,31.655,31.81,31.655,28656,1664989200000
31.64,31.87,31.87,31.63,29897,1664992800000
31.88,31.65,31.965,31.56,36419,1664996400000
31.16,31.22,31.22,30.9,24201,1665064800000
31.24,31.06,31.3,31.06,28384,1665068400000
31.04,31.26,31.41,31.04,21212,1665072000000
31.25,31.23,31.335,31.15,25977,1665075600000
31.19,31.07,31.25,30.89,24125,1665079200000
31.12,31.21,31.23,31.08,48293,1665082800000
30.595,30.75,30.88,30.5,34513,1665151200000
30.79,30.56,30.81,30.43,21409,1665154800000
30.55,30.34,30.59,30.25,25945,1665158400000
30.34,30.36,30.4,30.28,26912,1665162000000
30.34,30.35,30.54,30.325,44318,1665165600000
30.33,30.18,30.39,29.94,77678,1665169200000
29.135,28.98,29.255,28.97,65881,1665410400000
28.97,29.2,29.26,28.8875,34057,1665414000000
29.19,28.99,29.19,28.91,34284,1665417600000
28.94,29,29.055,28.87,40469,1665421200000
28.99,28.93,29.09,28.88,35496,1665424800000
28.9,29.11,29.31,28.86,131664,1665428400000
27.59,28.14,28.33,27.59,52008,1665496800000
28.16,28.91,28.97,28.13,62853,1665500400000
28.9,28.63,28.9,28.53,20658,1665504000000
28.59,27.99,28.65,27.94,51531,1665507600000
28.03,27.92,28.28,27.91,33458,1665511200000
27.9,28.17,28.4,27.805,94978,1665514800000
28.39,28.315,28.73,28.29,35763,1665583200000
28.28,28.69,28.78,28.1,26180,1665586800000
28.7,28.81,28.88,28.5738,28256,1665590400000
28.83,28.8,28.95,28.76,28821,1665594000000
28.795,28.745,28.935,28.735,38227,1665597600000
28.75,28.59,28.8,28.58,76290,1665601200000
28.17,28.5,28.58,27.84,54155,1665669600000
28.4826,29.17,29.2,28.4,54822,1665673200000
29.12,28.98,29.29,28.82,20339,1665676800000
29.06,29.52,29.56,29.06,28201,1665680400000
29.48,29.39,29.63,29.15,26632,1665684000000
29.32,29.33,29.46,29.15,77384,1665687600000
29.58,29.14,29.59,29,47891,1665756000000
29.13,29.2,29.43,29.065,33937,1665759600000
29.2,29.32,29.43,29.17,31955,1665763200000
29.33,29.62,29.8,29.32,58423,1665766800000
29.5701,29.6895,29.755,29.4705,25092,1665770400000
29.74,29.7,29.81,29.52,74962,1665774000000
30.465,30.38,30.72,30.32,43969,1666015200000
30.38,30.34,30.48,30.01,57474,1666018800000
30.39,30.09,30.42,30.09,30203,1666022400000
30.14,30.24,30.27,30.05,25827,1666026000000
30.23,30.05,30.24,29.76,44103,1666029600000
30.05,29.74,30.1,29.7,115457,1666033200000
30.1,29.71,30.1,29.555,24798,1666101600000
29.65,29.65,29.7335,29.195,40528,1666105200000
29.6,29.64,29.799,29.58,19857,1666108800000
29.56,29.56,29.63,29.48,13712,1666112400000
29.63,29.345,29.63,29.18,25208,1666116000000
29.335,29.45,29.5,29.3,46048,1666119600000
28.38,28.46,28.965,28.3,32232,1666188000000
28.34,28.4,28.61,28.24,33102,1666191600000
28.4,27.74,28.42,27.74,25789,1666195200000
27.8,27.32,27.8,27.13,56182,1666198800000
27.33,27.41,27.47,27.23,50706,1666202400000
27.39,27.19,27.44,27.18,73444,1666206000000
28.5,28.78,29.25,28.5,76655,1666274400000
28.71,28.25,28.72,28.22,34321,1666278000000
28.22,27.98,28.35,27.93,28186,1666281600000
28.04,27.88,28.08,27.85,29012,1666285200000
27.92,27.83,27.92,27.6,32320,1666288800000
27.815,27.78,27.85,27.24,162707,1666292400000
28.09,28.23,28.28,27.89,35312,1666360800000
28.23,28.24,28.8,28.105,35492,1666364400000
28.26,28.35,28.36,28.07,32684,1666368000000
28.35,28.32,28.38,28.125,13316,1666371600000
28.31,28.22,28.345,28.19,24132,1666375200000
28.19,28.29,28.385,28.08,69080,1666378800000
24.16,24.92,25.4,24,195836,1666620000000
24.855,25.95,26.08,24.42,226274,1666623600000
25.96,27.03,27.04,25.96,239755,1666627200000
27.03,25.87,27.105,25.865,123649,1666630800000
25.86,26.1,26.11,25.725,63724,1666634400000
26.105,25.59,26.27,25.49,269165,1666638000000
27.14,26.43,27.57,26.23,72948,1666706400000
26.415,26.46,26.78,26.3372,67616,1666710000000
26.47,26.55,26.76,26.47,66648,1666713600000
26.55,26.71,26.74,26.47,62122,1666717200000
26.695,26.67,26.78,26.6001,93287,1666720800000
26.655,26.83,27,26.63,133369,1666724400000
27.72,28.26,28.87,27.72,126645,1666792800000
28.1939,28.89,29.04,28.16,62438,1666796400000
28.89,28.915,29.39,28.77,84093,1666800000000
28.88,29.05,29.16,28.68,77901,1666803600000
29.03,29.015,29.31,28.87,67877,1666807200000
29.02,29.11,29.13,28.82,126819,1666810800000
28.175,28.62,28.98,28.08,62064,1666879200000
28.63,28.46,28.79,28.28,52379,1666882800000
28.47,28.58,28.635,28.26,54677,1666886400000
28.58,28.71,28.83,28.47,47298,1666890000000
28.72,28.245,28.83,28.21,51773,1666893600000
28.265,28.07,28.4,27.82,148305,1666897200000
26.99,26.99,27.22,26.695,104441,1666965600000
26.99,26.95,27.27,26.665,89558,1666969200000
26.96,27.24,27.3,26.875,53594,1666972800000
27.245,26.95,27.33,26.535,109814,1666976400000
26.96,27.2,27.22,26.94,75232,1666980000000
27.19,27.02,27.2,26.785,132494,1666983600000
26.905,26.575,27.12,26,109559,1667224800000
26.57,26.415,26.73,26.365,56446,1667228400000
26.39,26.03,26.45,26.02,71346,1667232000000
26.01,26.07,26.245,25.81,61625,1667235600000
26.08,26.08,26.25,26,68649,1667239200000
26.1,26.13,26.22,26,165923,1667242800000
28.27,28.72,28.79,27.99,79278,1667311200000
28.74,28.86,29.07,28.572,58701,1667314800000
28.88,28.855,29.2799,28.67,68899,1667318400000
28.83,28.75,29.06,28.595,38221,1667322000000
28.81,28.87,29.03,28.66,49201,1667325600000
28.86,28.47,28.86,28.29,117021,1667329200000
29.24,28.21,29.26,27.85,54301,1667397600000
28.275,28.8466,28.95,28.17,55433,1667401200000
28.82,29.1,29.25,28.6,146590,1667404800000
29.1,29.11,29.24,28.9703,54673,1667408400000
29.13,29.2,29.79,29.03,90681,1667412000000
29.12,28.84,29.64,28.65,197608,1667415600000
29.635,30.22,30.34,28.94,89712,1667484000000
30.3,30.27,30.735,30,75676,1667487600000
30.24,30.51,30.62,30.17,76926,1667491200000
30.52,30.49,30.63,30.31,100941,1667494800000
30.43,30.39,30.5,30.15,110911,1667498400000
30.385,30.19,30.44,30.04,159213,1667502000000
32.07,32.525,32.75,32.07,153308,1667570400000
32.575,32.23,32.69,31.93,66259,1667574000000
32.08,32.015,32.3,31.78,97007,1667577600000
32.06,32.45,32.5,31.87,232980,1667581200000
32.45,33.13,33.13,32.295,195345,1667584800000
33.16,32.32,33.45,32.2867,313730,1667588400000
31.6,31.555,31.91,31.43,69798,1667833200000
31.55,31.345,31.58,30.9948,57419,1667836800000
31.35,30.79,31.35,30.7,56433,1667840400000
30.85,31.03,31.03,30.57,72619,1667844000000
31.08,30.96,31.13,30.74,68606,1667847600000
30.92,31.03,31.13,30.92,182399,1667851200000
30.22,30.38,30.58,30.04,34670,1667919600000
30.46,30.385,30.8,30.32,50691,1667923200000
30.43,30.45,30.57,30.355,39403,1667926800000
30.38,30,30.38,29.91,186646,1667930400000
30.02,30.09,30.18,29.74,49366,1667934000000
30.09,30.15,30.29,30.07,127577,1667937600000
29.05,29.185,29.87,28.91,33816,1668006000000
29.22,29.08,29.43,28.93,46960,1668009600000
29.04,29.01,29.18,28.86,48429,1668013200000
29.01,28.89,29.07,28.73,55417,1668016800000
28.895,28.76,29.025,28.67,45411,1668020400000
28.74,28.87,28.95,28.52,184505,1668024000000
30.1,29.855,30.38,29.45,76217,1668092400000
29.84,29.495,30.01,29.2877,65404,1668096000000
29.52,29.46,29.63,29.3,72366,1668099600000
29.47,29.49,29.56,29.32,76587,1668103200000
29.5,29.44,29.575,29.399,43977,1668106800000
29.42,29.27,29.5,29.17,94679,1668110400000
29.78,29.97,30.3,29.66,123454,1668178800000
30.085,30.07,30.34,29.86,256368,1668182400000
30.055,30.24,30.28,30.04,131581,1668186000000
30.25,30.22,30.64,30.165,162899,1668189600000
30.24,30.155,30.25,29.93,30017,1668193200000
30.14,30.16,30.3,29.88,97997,1668196800000
31.14,30.91,32,30.88,193991,1668438000000
30.885,30.53,30.94,30.53,46307,1668441600000
30.51,30.71,30.76,30.47,44021,1668445200000
30.76,30.6,30.76,30.29,51627,1668448800000
30.67,30.5,30.675,30.42,38732,1668452400000
30.47,30.09,30.52,30.07,103104,1668456000000
31.91,31.97,32.14,31.565,305936,1668524400000
32,32.28,32.42,31.91,164891,1668528000000
32.24,32.37,32.5,32.14,167771,1668531600000
32.37,31.96,32.42,31.65,46414,1668535200000
31.89,31.86,32.09,31.5,41321,1668538800000
31.86,31.63,31.87,31.55,217819,1668542400000
30.5425,29.621,30.63,29.44,44938,1668610800000
29.63,29.21,29.8099,29.21,34500,1668614400000
29.2,29.435,29.55,29.11,34762,1668618000000
29.405,29.18,29.43,29.14,54593,1668621600000
29.21,29.175,29.27,29.06,38098,1668625200000
29.15,29.28,29.35,29,171726,1668628800000
29.37,29.99,30.22,29.245,170206,1668697200000
29.95,29.53,30.15,29.32,101337,1668700800000
29.56,29.5,29.78,29.41,75030,1668704400000
29.49,29.47,29.69,29.37,74837,1668708000000
29.53,29.42,29.555,29.36,66294,1668711600000
29.42,29.45,29.53,29.26,79791,1668715200000
29.05,28.57,29.05,28.52,23201,1668783600000
28.52,28.28,28.64,28.21,39694,1668787200000
28.32,28.195,28.49,27.95,46370,1668790800000
28.195,28.22,28.4,28.15,62794,1668794400000
28.27,28.245,28.43,28.16,301100,1668798000000
28.26,28.33,28.38,28.22,185276,1668801600000
28.34,27.67,28.35,27.59,32202,1669042800000
27.72,27.52,28.075,27.5,28412,1669046400000
27.56,27.54,27.725,27.5,19231,1669050000000
27.55,27.395,27.755,27.3806,27974,1669053600000
27.41,27.575,27.73,27.37,72147,1669057200000
27.5956,27.43,27.71,27.41,160170,1669060800000
28,27.96,28.205,27.52,107326,1669129200000
28,27.97,28.11,27.69,49936,1669132800000
27.96,27.94,28.02,27.8342,86614,1669136400000
27.99,27.98,28.215,27.925,77789,1669140000000
28,28.01,28.04,27.9,49404,1669143600000
28.01,28.1,28.16,27.96,151725,1669147200000
28.5,28.44,28.575,28.21,40049,1669215600000
28.44,28.425,28.57,28.3,41322,1669219200000
28.425,28.23,28.56,28.17,95853,1669222800000
28.175,28.27,28.375,28.07,24381,1669226400000
28.23,28.41,28.49,28.16,20976,1669230000000
28.385,28.29,28.52,28.23,43788,1669233600000
27.28,27.27,27.45,27.13,27663,1669388400000
27.225,26.84,27.2385,26.8,178104,1669392000000
26.84,26.84,27.05,26.74,60739,1669395600000
26.78,26.78,26.78,26.78,29267,1669399200000
26.78,26.78,26.78,26.78,0,1669406400000
26.83,26.96,27.25,26.65,377364,1669647600000
26.99,26.84,27.08,26.75,53239,1669651200000
26.83,26.69,26.94,26.63,65401,1669654800000
26.6906,26.52,26.78,26.435,85969,1669658400000
26.53,26.62,26.675,26.4275,100789,1669662000000
26.6056,26.82,26.915,26.6,247840,1669665600000
28.56,28.82,28.9,28.455,196806,1669734000000
28.82,28.345,28.85,28.26,34234,1669737600000
28.325,28.36,28.5,28.26,55669,1669741200000
28.36,28.54,28.54,28.125,22223,1669744800000
28.54,28.5,28.54,28.34,23804,1669748400000
28.455,28.14,28.5,28.14,132260,1669752000000
29.8,29.52,29.8,29.315,89330,1669820400000
29.46,29.1,29.55,29,89736,1669824000000
29.13,29.13,29.185,28.88,29297,1669827600000
29.14,29.48,29.63,29,62061,1669831200000
29.47,29.8,29.8,29.41,188919,1669834800000
29.78,29.85,30.08,29.67,755674,1669838400000
29.05,28.62,29.14,28.345,73610,1669906800000
28.69,28.64,28.91,28.58,58453,1669910400000
28.685,28.67,28.91,28.56,41577,1669914000000
28.65,28.5101,28.77,28.5,30111,1669917600000
28.54,28.52,28.685,28.44,36523,1669921200000
28.53,28.31,28.61,28.21,110715,1669924800000
29.92,29.93,30.11,29.64,202401,1669993200000
30,30.315,30.5,29.9237,171457,1669996800000
30.25,30.345,30.6,30.16,44752,1670000400000
30.335,30.605,30.6117,30.24,57320,1670004000000
30.605,30.68,30.74,30.3908,33055,1670007600000
30.685,30.59,30.78,30.54,104859,1670011200000
30.37,30.41,30.505,29.9,126534,1670252400000
30.385,30.68,30.72,30.32,78616,1670256000000
30.68,30.5,30.875,30.46,80672,1670259600000
30.51,30.705,30.73,30.36,249851,1670263200000
30.705,30.43,30.705,30.33,75607,1670266800000
30.38,29.77,30.39,29.77,177489,1670270400000
30.29,30.3,30.36,29.83,43147,1670338800000
30.24,30.11,30.68,30.11,50289,1670342400000
30.14,30.17,30.285,30.04,33300,1670346000000
30.22,30.11,30.34,30.1,27107,1670349600000
30.09,30.21,30.38,30.09,24492,1670353200000
30.22,30.28,30.33,30.09,104488,1670356800000
28.66,29.33,29.59,28.5867,79205,1670425200000
29.37,29.665,29.7,29.26,50996,1670428800000
29.65,29.58,29.85,29.36,52143,1670432400000
29.62,29.545,29.63,29.3,68029,1670436000000
29.51,29.37,29.53,29.31,45216,1670439600000
29.42,29.38,29.5,29.32,93968,1670443200000
32.02,31.75,32.11,31.55,234498,1670511600000
31.725,31.935,31.97,31.64,56493,1670515200000
31.91,32.065,32.4,31.77,95192,1670518800000
32.05,32.06,32.27,32,155710,1670522400000
32.075,31.6,32.075,31.6,56100,1670526000000
31.62,31.84,31.88,31.55,179422,1670529600000
32.95,32.8,33.72,32.77,120239,1670598000000
32.81,33.08,33.1,32.81,62072,1670601600000
33.03,32.82,33.04,32.69,42553,1670605200000
32.88,32.98,33.075,32.76,78513,1670608800000
32.985,32.78,33.05,32.7,161066,1670612400000
32.771,33.02,33.03,32.58,298154,1670616000000
30.92,30.615,31.375,30.23,81907,1670857200000
30.69,31.25,31.29,30.54,47614,1670860800000
31.18,31.46,31.61,31.18,58555,1670864400000
31.58,31.69,31.72,31.47,65505,1670868000000
31.67,31.82,31.885,31.655,49306,1670871600000
31.84,31.58,31.84,31.545,207467,1670875200000
33,32.15,33.02,31.92,131492,1670943600000
32.15,31.955,32.43,31.9081,63320,1670947200000
31.98,31.93,32.07,31.61,68264,1670950800000
31.97,31.82,32.15,31.74,49541,1670954400000
31.815,31.67,31.83,31.626,46382,1670958000000
31.67,31.82,31.85,31.56,92042,1670961600000
31.61,31.57,32.1,31.401,95171,1671030000000
31.65,31.88,31.95,31.61,36133,1671033600000
31.83,31.62,31.925,31.595,25748,1671037200000
31.5997,31.765,31.78,31.37,69023,1671040800000
31.765,31.545,31.785,31.37,26058,1671044400000
31.575,31.23,31.77,31.23,141010,1671048000000
31.325,30.6899,31.325,30.52,86650,1671116400000
30.605,30.645,30.94,30.51,39282,1671120000000
30.63,30.765,30.925,30.46,43349,1671123600000
30.79,31.035,31.105,30.79,29643,1671127200000
31.06,31.03,31.27,30.94,93545,1671130800000
31.02,31.02,31.05,30.78,75661,1671134400000
31.24,31.4,31.4,30.89,86436,1671202800000
31.41,31.455,31.66,31.2,39976,1671206400000
31.455,31.505,31.67,31.435,32016,1671210000000
31.53,31.38,31.6,31.36,39645,1671213600000
31.32,31.26,31.41,31.145,32525,1671217200000
31.26,31.55,31.76,30.95,358622,1671220800000
31.62,31.5,31.9,31.36,85328,1671462000000
31.45,31.2,31.48,31.08,38442,1671465600000
31.19,31.555,31.6099,31.18,18658,1671469200000
31.6,31.42,31.78,31.35,24203,1671472800000
31.38,31.3764,31.525,31.32,27075,1671476400000
31.365,31.63,31.64,31.365,101728,1671480000000
31.635,31.89,31.925,31.33,76116,1671548400000
31.86,31.93,32.065,31.7,56762,1671552000000
31.96,32.155,32.28,31.9319,50695,1671555600000
32.16,32.13,32.29,32.13,48406,1671559200000
32.13,31.985,32.17,31.87,41677,1671562800000
32.005,31.93,32.045,31.83,145939,1671566400000
31.84,32.6612,32.78,31.815,65272,1671634800000
32.615,32.83,32.96,32.6,62445,1671638400000
32.835,32.73,32.94,32.67,37819,1671642000000
32.69,32.645,32.75,32.33,103888,1671645600000
32.645,32.48,32.83,32.42,78203,1671649200000
32.52,32.43,32.66,32.37,209344,1671652800000
32.46,32.28,32.83,32.275,40244,1671721200000
32.28,32.74,32.8,32.19,27399,1671724800000
32.76,32.6,32.77,32.43,11048,1671728400000
32.57,32.225,32.595,32.18,27344,1671732000000
32.385,32.35,32.4,32.21,24405,1671735600000
32.36,32.53,32.59,32.25,64768,1671739200000
31.95,31.93,32.35,31.78,53569,1671807600000
31.92,31.745,32.02,31.7,19363,1671811200000
31.76,31.8,31.89,31.646,23671,1671814800000
31.845,31.58,31.88,31.56,19344,1671818400000
31.6,31.775,31.87,31.5875,23408,1671822000000
31.79,31.61,31.815,31.61,48698,1671825600000
32.085,32.075,32.68,31.92,60668,1672153200000
32.01,31.87,32.2,31.76,62765,1672156800000
31.85,31.96,31.97,31.8,34305,1672160400000
31.99,32.03,32.1,31.92,44505,1672164000000
32,32.05,32.11,31.93,43638,1672167600000
32.05,31.95,32.16,31.95,138756,1672171200000
32.05,29.6,32.145,29.6,311519,1672239600000
29.61,30.51,30.51,29.6,49803,1672243200000
30.515,30.005,30.515,29.93,90533,1672246800000
29.99,30.31,30.37,29.94,43210,1672250400000
30.32,30.14,30.35,29.97,27249,1672254000000
30.15,29.83,30.16,29.75,127404,1672257600000
30.36,30.86,30.93,30.36,54582,1672326000000
30.87,31.005,31.33,30.65,91020,1672329600000
30.97,30.89,31,30.7,38963,1672333200000
30.89,30.88,31.04,30.63,53218,1672336800000
30.89,30.87,31.025,30.83,56734,1672340400000
30.87,31.04,31.24,30.8,231891,1672344000000
30.888,30.62,31.11,30.54,43524,1672412400000
30.61,30.755,31.16,30.54,42311,1672416000000
30.75,30.71,30.78,30.62,12818,1672419600000
30.64,30.61,30.735,30.585,20492,1672423200000
30.67,30.64,30.7,30.575,5514,1672426800000
30.7,30.6,30.76,30.6,69199,1672430400000
31.85,32.275,32.275,31.85,36119,1672758000000
32.28,31.69,32.425,31.65,47811,1672761600000
31.72,31.62,31.98,31.495,35105,1672765200000
31.855,32.11,32.14,31.72,35619,1672768800000
32.1,32.2,32.31,32.045,36512,1672772400000
32.2,32.11,32.42,32.11,102355,1672776000000
34.03,34.975,35.31,33.71,305900,1672844400000
34.9566,34.21,35.06,34.16,182638,1672848000000
34.21,34.6,34.65,34.03,104903,1672851600000
34.65,34.545,34.86,34.485,53018,1672855200000
34.57,34.72,34.84,34.5,57439,1672858800000
34.73,34.52,34.74,34.46,141637,1672862400000
35.085,35.27,35.87,34.96,246505,1672930800000
35.29,35.025,35.54,34.82,136242,1672934400000
34.98,34.77,35.055,34.65,104528,1672938000000
34.73,34.675,35.03,34.6,267279,1672941600000
34.675,34.475,34.68,34.1,118021,1672945200000
34.46,34.86,35.04,34.43,144901,1672948800000
34.46,35.22,36.13,34.17,483893,1673017200000
35.22,35.89,36.03,35.22,105432,1673020800000
35.85,35.24,35.91,35.24,88170,1673024400000
35.2,35.785,35.785,35.2,82427,1673028000000
35.73,35.61,35.83,35.58,97794,1673031600000
35.61,35.73,35.94,35.58,274207,1673035200000
35.73,35.45,35.9,34.68,152257,1673276400000
35.45,35.455,35.99,35.32,106840,1673280000000
35.46,35.32,35.62,35.18,84945,1673283600000
35.32,35.495,35.56,35.17,85371,1673287200000
35.48,35.335,35.62,35.18,93861,1673290800000
35.335,34.79,35.34,34.74,154924,1673294400000
35.63,35.22,35.93,35.17,131758,1673362800000
35.25,35.47,35.7,35.22,90103,1673366400000
35.48,35.41,35.66,35.38,108452,1673370000000
35.41,35.85,35.93,35.41,88352,1673373600000
35.85,35.68,35.93,35.61,82105,1673377200000
35.705,35.72,36.03,35.69,149925,1673380800000
35.97,35.78,36.34,35.38,144708,1673449200000
35.815,35.97,36.05,35.64,91149,1673452800000
35.98,35.99,36.24,35.82,97159,1673456400000
35.97,35.99,36.11,35.85,86052,1673460000000
35.98,35.99,36.18,35.82,85049,1673463600000
35.95,35.83,36.05,35.77,128676,1673467200000
35.55,35.96,35.96,35.35,46373,1673535600000
35.955,36.12,36.12,35.75,29011,1673539200000
36.125,35.935,36.18,35.88,57720,1673542800000
35.935,35.905,36.025,35.81,23571,1673546400000
35.95,35.95,36.08,35.81,34654,1673550000000
35.965,36.03,36.03,35.8108,67383,1673553600000
35.94,35.46,36.075,35.46,47356,1673622000000
35.48,35.63,35.74,35.44,29591,1673625600000
35.59,35.84,35.89,35.59,32869,1673629200000
35.84,35.73,35.84,35.66,32707,1673632800000
35.72,35.61,35.79,35.51,31971,1673636400000
35.6,35.87,35.97,35.55,116538,1673640000000
35.43,35.5497,35.84,35.41,132367,1673967600000
35.59,36.02,36.11,35.49,130420,1673971200000
36.02,35.94,36.07,35.82,79210,1673974800000
35.93,35.675,35.965,35.66,56114,1673978400000
35.715,35.61,35.92,35.55,47877,1673982000000
35.635,35.55,35.67,35.29,278222,1673985600000
35.875,35.5,35.95,35.4,66123,1674054000000
35.54,35.71,35.77,35.405,43440,1674057600000
35.77,35.43,35.84,35.33,51488,1674061200000
35.38,35.53,35.55,35.22,46104,1674064800000
35.5,35.74,35.79,35.41,34791,1674068400000
35.7516,35.71,35.79,35.53,154681,1674072000000
36.93,37.39,37.6927,36.68,96438,1674140400000
37.44,36.545,37.7261,36.33,77691,1674144000000
36.545,35.98,36.6151,35.91,89340,1674147600000
36.015,36.5,36.68,36.015,89543,1674151200000
36.5,36.15,36.57,36.13,78222,1674154800000
36.15,36.53,36.55,36.15,566177,1674158400000
38.17,38.26,38.44,38.09,433749,1674226800000
38.305,38.01,38.91,38.005,92453,1674230400000
38.12,37.8,38.24,37.665,48432,1674234000000
37.77,37.5,37.88,37.35,53687,1674237600000
37.5,37.295,37.69,37.27,40028,1674241200000
37.295,37.59,37.6,37.26,133231,1674244800000
37.69,36.95,37.69,36.85,77126,1674486000000
36.91,37.29,37.33,36.91,25965,1674489600000
37.255,36.89,37.255,36.86,18306,1674493200000
36.87,36.905,37.055,36.8275,31449,1674496800000
36.86,36.935,37.1499,36.84,31158,1674500400000
36.9799,36.76,37.32,36.73,205751,1674504000000
36.57,36.505,36.64,36.285,20872,1674572400000
36.63,36.59,36.78,36.44,16262,1674576000000
36.59,36.39,36.675,36.34,12386,1674579600000
36.4208,36.54,36.71,36.395,23340,1674583200000
36.51,36.47,36.54,36.36,21068,1674586800000
36.51,36.6,36.63,36.25,93623,1674590400000
36.24,36.305,36.65,36.05,31840,1674658800000
36.33,36.19,36.53,36.17,34894,1674662400000
36.16,36.245,36.245,36.11,12446,1674666000000
36.21,36.48,36.48,36.16,47800,1674669600000
36.445,36.24,36.47,36.23,24368,1674673200000
36.24,36.32,36.38,36.11,95848,1674676800000
36.2,36.82,37.08,36.2,66034,1674745200000
36.74,37.07,37.34,36.7306,36105,1674748800000
37.06,36.97,37.25,36.97,17346,1674752400000
36.995,37.265,37.29,36.96,58343,1674756000000
37.295,36.955,37.36,36.9,28757,1674759600000
36.98,37.52,37.52,36.98,55375,1674763200000
37.15,36.65,37.56,36.5,21991,1674831600000
36.71,36.75,36.985,36.65,22408,1674835200000
36.79,36.77,36.95,36.72,41938,1674838800000
36.73,36.835,36.885,36.73,21687,1674842400000
36.81,36.9,36.91,36.73,18253,1674846000000
36.87,36.565,36.97,36.55,75261,1674849600000
35.23,35.53,35.8,35,103479,1675090800000
35.56,35.48,35.8,35.32,182399,1675094400000
35.59,35.72,35.97,35.59,15392,1675098000000
35.72,35.665,35.7754,35.58,15875,1675101600000
35.69,35.8,35.965,35.65,25072,1675105200000
35.795,35.47,35.8699,35.4,94387,1675108800000
34.92,35.46,35.59,34.65,217200,1675177200000
35.47,35.07,35.565,35.06,94070,1675180800000
35.11,34.88,35.33,34.83,37804,1675184400000
34.875,35.01,35.13,34.72,51666,1675188000000
35.065,35.07,35.32,34.96,103484,1675191600000
35.09,34.79,35.15,34.62,254563,1675195200000
35.84,35.48,36.12,35.31,84699,1675263600000
35.555,35.67,35.84,35.39,52916,1675267200000
35.675,35.63,35.675,35.42,61518,1675270800000
35.595,35.83,35.98,35.56,58167,1675274400000
35.81,36.13,36.25,35.65,87089,1675278000000
36.14,36.24,36.42,36,301092,1675281600000
36.04,36.96,37.33,36.04,349702,1675350000000
37.06,36.665,37.16,36.51,136109,1675353600000
36.72,36.785,36.83,36.61,82420,1675357200000
36.81,36.95,37,36.66,149229,1675360800000
36.95,36.87,37.14,36.8,78783,1675364400000
36.895,36.98,37.2,36.8,209473,1675368000000
36.46,36.925,37.21,36.12,133517,1675436400000
36.97,36.78,37.09,36.67,61326,1675440000000
36.75,36.35,36.96,36.35,71083,1675443600000
36.28,36.175,36.45,36.04,77105,1675447200000
36.14,35.94,36.28,35.89,71099,1675450800000
35.94,35.94,36.035,35.75,130078,1675454400000
34.58,35.325,35.36,34.58,98041,1675695600000
35.335,35.085,35.52,34.96,69273,1675699200000
35.09,35.44,35.6,34.87,119369,1675702800000
35.41,35.125,35.44,35.05,68655,1675706400000
35.13,35.16,35.515,35.08,52482,1675710000000
35.16,35.41,35.47,34.92,129820,1675713600000
35.86,35.815,36.05,35.25,60900,1675782000000
35.88,35.46,36,35.38,35683,1675785600000
35.52,35.95,36.04,35.33,63585,1675789200000
35.98,35.83,36.03,35.71,54848,1675792800000
35.83,35.56,36.025,35.56,84285,1675796400000
35.65,35.96,36.21,35.56,161290,1675800000000
35.36,35.74,35.9,35.34,69976,1675868400000
35.685,35.86,35.86,35.54,44262,1675872000000
35.87,35.78,35.87,35.6,40683,1675875600000
35.81,35.81,35.89,35.68,49112,1675879200000
35.81,35.515,35.82,35.5,76865,1675882800000
35.53,35.53,35.58,35.36,271729,1675886400000
37.12,37.81,37.82,37.12,92572,1675954800000
37.72,37.26,37.81,37.16,29546,1675958400000
37.25,37.07,37.45,36.96,19279,1675962000000
36.97,36.995,37.05,36.76,23203,1675965600000
36.985,36.965,37.04,36.79,26544,1675969200000
37.07,37.09,37.27,36.97,77863,1675972800000
36.09,35.945,36.44,35.87,136870,1676041200000
35.94,35.99,36.02,35.36,112015,1676044800000
35.99,35.925,35.99,35.5,58726,1676048400000
35.93,35.76,36.01,35.69,94306,1676052000000
35.79,35.615,35.81,35.53,71987,1676055600000
35.65,35.51,35.705,35.29,312907,1676059200000
35.98,36.04,36.825,35.79,85101,1676300400000
36.12,35.955,36.2,35.87,99682,1676304000000
36,35.97,36.17,35.92,54963,1676307600000
35.97,36.4248,36.48,35.92,128042,1676311200000
36.41,35.96,36.5778,35.93,56727,1676314800000
35.96,35.9,36.02,35.81,104784,1676318400000
35.73,35.175,35.76,34.95,93274,1676386800000
35.16,34.96,35.16,34.74,72354,1676390400000
34.89,34.78,35.01,34.75,30019,1676394000000
34.8,34.8,34.96,34.75,74306,1676397600000
34.78,34.95,35.11,34.77,110671,1676401200000
34.95,35.26,35.45,34.95,267687,1676404800000
35.96,35.68,36.05,35.32,33937,1676473200000
35.6012,35.594,35.76,35.58,22312,1676476800000
35.62,35.935,35.94,35.56,35833,1676480400000
35.94,36.22,36.435,35.91,61193,1676484000000
36.27,36.24,36.35,36.16,37047,1676487600000
36.27,36.49,36.53,36.19,185389,1676491200000
35.895,35.795,36.43,35.371,175933,1676559600000
35.77,35.3,35.83,35.22,74547,1676563200000
35.3,35.6,35.63,35.29,119622,1676566800000
35.6,35.985,36.04,35.35,98065,1676570400000
35.985,35.76,36.06,35.65,89712,1676574000000
35.755,35.81,35.84,35.375,253415,1676577600000
35.125,34.51,35.145,34.48,76168,1676646000000
34.54,34.44,34.645,34.27,58039,1676649600000
34.44,34.47,34.59,34.34,71334,1676653200000
34.49,34.43,34.6,34.43,53269,1676656800000
34.415,34.4,34.42,34.27,39364,1676660400000
34.43,34.44,34.58,34.39,140969,1676664000000
32.89,32.65,33.13,32.65,114046,1676991600000
32.7,32.2,32.74,32.195,81584,1676995200000
32.24,31.93,32.4132,31.66,117271,1676998800000
31.91,31.83,31.92,31.59,75524,1677002400000
31.82,31.89,31.945,31.69,81914,1677006000000
31.88,31.83,32.16,31.8,210488,1677009600000
32.2,32.5,32.5,32.05,105163,1677078000000
32.5,32.37,32.69,32.3101,64023,1677081600000
32.37,32.17,32.41,32.15,67680,1677085200000
32.2,32.24,32.35,32.16,71967,1677088800000
32.23,32.135,32.32,32.08,67810,1677092400000
32.14,32.45,32.45,32.03,164256,1677096000000
32.76,31.91,32.83,31.87,52932,1677164400000
31.91,31.49,32.04,31.42,30455,1677168000000
31.53,31.28,31.53,31.24,59503,1677171600000
31.27,31.27,31.36,31.06,52012,1677175200000
31.24,31.415,31.49,31.22,31107,1677178800000
31.46,31.52,31.69,31.4101,134128,1677182400000
31.59,31.01,31.67,30.935,79685,1677250800000
31.015,30.94,31.07,30.69,75700,1677254400000
30.915,30.715,30.93,30.68,38258,1677258000000
30.715,31.18,31.24,30.7,53616,1677261600000
31.155,31.185,31.34,31.07,44333,1677265200000
31.185,31.13,31.195,30.85,212880,1677268800000
31.6,31.27,31.73,31.27,54812,1677510000000
31.36,31.375,31.57,31.32,24692,1677513600000
31.4,31.37,31.495,31.32,21468,1677517200000
31.34,31.29,31.455,31.23,32572,1677520800000
31.27,31.175,31.32,31.14,14376,1677524400000
31.175,31.29,31.29,31.13,60983,1677528000000
31.06,30.945,31.21,30.81,49099,1677596400000
30.9,30.83,30.97,30.76,19127,1677600000000
30.83,30.83,30.85,30.67,22686,1677603600000
30.83,30.905,31.05,30.83,48994,1677607200000
30.93,30.73,30.94,30.73,47398,1677610800000
30.76,30.46,30.8,30.44,208690,1677614400000
31.655,31.91,32.07,31.48,108057,1677682800000
31.92,31.905,31.99,31.65,80778,1677686400000
31.87,31.8,31.9,31.66,77690,1677690000000
31.8,31.79,31.89,31.7,64819,1677693600000
31.78,31.955,32.03,31.75,44809,1677697200000
31.955,31.86,32,31.81,138204,1677700800000
31.84,31.98,32.205,31.8,49070,1677769200000
31.96,31.97,32.3,31.92,65497,1677772800000
31.99,32.095,32.2,31.93,29195,1677776400000
32.07,32.2,32.2,32.01,32723,1677780000000
32.18,32.27,32.3,32.16,23502,1677783600000
32.28,32.59,32.59,32.27,88696,1677787200000
32.905,32.95,33.05,32.82,35607,1677855600000
33.01,32.965,33.03,32.72,21612,1677859200000
32.975,32.88,32.98,32.82,25855,1677862800000
32.88,33.14,33.23,32.82,45750,1677866400000
33.19,33.11,33.245,33.07,31749,1677870000000
33.1,32.96,33.12,32.831,79360,1677873600000
32.22,32.3,32.8,32.09,63186,1678114800000
32.26,32.02,32.29,31.98,46821,1678118400000
32.02,32.115,32.12,31.97,38398,1678122000000
32.14,31.87,32.29,31.85,58333,1678125600000
31.86,31.87,31.95,31.85,17426,1678129200000
31.86,31.81,31.98,31.75,118933,1678132800000
30.7,30.87,31.02,30.39,72100,1678201200000
30.85,30.94,31.13,30.85,31930,1678204800000
30.94,30.98,31.05,30.92,23758,1678208400000
30.99,30.97,31.02,30.9,32964,1678212000000
30.985,30.78,31.08,30.77,34873,1678215600000
30.8,30.86,30.99,30.77,105224,1678219200000
30.735,30.71,31.16,30.62,60469,1678287600000
30.69,30.67,30.75,30.43,93478,1678291200000
30.63,30.77,30.78,30.62,27303,1678294800000
30.77,30.56,30.77,30.51,36798,1678298400000
30.54,30.62,30.69,30.48,46946,1678302000000
30.645,30.87,30.9,30.62,68713,1678305600000
29.98,29.68,29.98,29.44,35429,1678374000000
29.68,29.73,29.85,29.4,69103,1678377600000
29.69,29.615,29.92,29.48,55762,1678381200000
29.635,29.69,29.785,29.52,57169,1678384800000
29.68,29.595,29.79,29.57,88127,1678388400000
29.595,29.78,29.82,29.5,201374,1678392000000
29.67,30.26,30.47,29.66,66427,1678460400000
30.17,29.91,30.3,29.8701,25103,1678464000000
29.95,30.01,30.11,29.86,34397,1678467600000
29.97,30.035,30.21,29.92,46992,1678471200000
30.055,30.25,30.25,30.04,54574,1678474800000
30.235,30.25,30.3,30.14,137982,1678478400000
29.6,30.06,30.17,29.44,97298,1678716000000
30.06,29.855,30.21,29.76,53074,1678719600000
29.86,29.76,30.02,29.65,38775,1678723200000
29.73,29.88,29.94,29.7,46067,1678726800000
29.91,29.88,29.945,29.81,35881,1678730400000
29.88,29.74,29.96,29.74,118086,1678734000000
29.19,29.5,29.835,29.1,66103,1678802400000
29.4701,29.85,29.9,29.4701,41008,1678806000000
29.8317,29.73,30,29.71,31983,1678809600000
29.77,29.755,29.845,29.61,38800,1678813200000
29.76,29.74,29.88,29.6,41237,1678816800000
29.75,29.71,29.8,29.6,102356,1678820400000
28.9,28.855,29.23,28.66,46021,1678888800000
28.845,29.125,29.29,28.845,57501,1678892400000
29.17,29.27,29.38,28.93,50816,1678896000000
29.28,29.33,29.34,29.12,64008,1678899600000
29.33,29.55,29.59,29.2515,83862,1678903200000
29.545,29.46,29.65,29.41,133653,1678906800000
29.32,29.47,29.5,28.995,87875,1678975200000
29.43,29.86,29.97,29.38,53139,1678978800000
29.86,29.72,29.87,29.53,44662,1678982400000
29.76,29.775,29.99,29.67,46252,1678986000000
29.76,30.02,30.03,29.73,63795,1678989600000
29.98,29.96,30.07,29.935,109113,1678993200000
30.39,30.07,30.42,29.78,72630,1679061600000
30.03,30.19,30.19,29.87,46709,1679065200000
30.16,30.14,30.22,29.95,52964,1679068800000
30.1,29.995,30.24,29.98,37880,1679072400000
30.025,30.07,30.1,29.965,58943,1679076000000
30.07,29.85,30.155,29.85,175247,1679079600000
29.785,30.43,30.43,29.71,121480,1679320800000
30.41,30.19,30.51,30.19,72698,1679324400000
30.19,30.31,30.4,30.0125,32995,1679328000000
30.335,30.08,30.38,30.08,33384,1679331600000
30.09,30.23,30.32,30.06,41327,1679335200000
30.23,30.2,30.32,30.13,102682,1679338800000
31.02,30.58,31.02,30.36,36183,1679407200000
30.58,30.65,30.755,30.56,36182,1679410800000
30.6684,30.69,30.72,30.61,27940,1679414400000
30.7,30.57,30.7,30.55,25282,1679418000000
30.58,30.59,30.615,30.55,24449,1679421600000
30.59,30.53,30.72,30.42,165121,1679425200000
31.15,31.405,31.58,31.13,50906,1679493600000
31.4,31.165,31.4,31.01,50888,1679497200000
31.18,31.33,31.4,31.15,37520,1679500800000
31.31,31.41,31.475,31.31,28704,1679504400000
31.41,31.705,31.98,31.31,57730,1679508000000
31.735,31.42,31.89,31.4,119316,1679511600000
32.59,32.83,32.94,32.5,68049,1679580000000
32.855,32.69,32.855,32.625,40225,1679583600000
32.6925,32.145,32.73,32.06,62003,1679587200000
32.13,32.06,32.17,31.91,48063,1679590800000
32.08,31.93,32.1,31.79,29483,1679594400000
31.92,32.16,32.22,31.81,137627,1679598000000
31.7,31.37,31.79,31.22,79540,1679666400000
31.4,31.15,31.545,31.04,129027,1679670000000
31.17,31.05,31.19,30.91,89833,1679673600000
31.05,30.725,31.08,30.725,68330,1679677200000
30.7,30.93,31,30.65,211092,1679680800000
30.93,30.83,31,30.75,236846,1679684400000
29.79,30.27,30.29,29.67,170527,1679925600000
30.3,30.49,30.49,29.96,499160,1679929200000
30.52,30.84,30.88,30.49,53964,1679932800000
30.84,30.905,31,30.76,39002,1679936400000
30.91,30.91,30.965,30.76,30642,1679940000000
30.91,31.3,31.34,30.82,234745,1679943600000
32.005,32.33,32.5,31.93,108826,1680012000000
32.305,32.4,32.62,32.305,52639,1680015600000
32.43,32.54,32.65,32.43,30988,1680019200000
32.61,32.58,32.76,32.545,31876,1680022800000
32.6,32.795,32.9,32.55,34233,1680026400000
32.85,32.84,32.91,32.715,70313,1680030000000
32.92,32.9875,33.24,32.76,62389,1680098400000
32.96,33.1,33.2,32.92,31294,1680102000000
33.16,33.06,33.18,33.02,19981,1680105600000
33.06,33.09,33.15,32.92,19172,1680109200000
33.105,33.05,33.105,33.02,19804,1680112800000
33.05,32.82,33.065,32.62,115378,1680116400000
33.485,33.25,33.68,33.135,41790,1680184800000
33.25,33.43,33.4605,33.2001,35018,1680188400000
33.38,33.56,33.57,33.25,23553,1680192000000
33.55,33.465,33.6,33.38,26532,1680195600000
33.49,33.54,33.6,33.49,15264,1680199200000
33.57,33.54,33.67,33.52,57933,1680202800000
33.525,33.42,33.84,33.37,55565,1680271200000
33.385,33.38,33.62,33.36,21626,1680274800000
33.39,33.535,33.66,33.34,36720,1680278400000
33.53,33.761,33.88,33.53,52362,1680282000000
33.78,33.41,33.79,33.37,36059,1680285600000
33.45,33.42,33.71,33.25,257266,1680289200000
32.8959,32.635,33.08,32.59,96016,1680530400000
32.645,32.72,32.85,32.57,32053,1680534000000
32.73,32.62,32.78,32.62,26896,1680537600000
32.63,32.63,32.76,32.59,11879,1680541200000
32.67,32.715,32.715,32.56,21635,1680544800000
32.73,33.01,33.055,32.72,59480,1680548400000
32.97,32.78,33.04,32.345,31379,1680616800000
32.79,32.875,33.08,32.72,46752,1680620400000
32.875,32.98,32.98,32.81,23998,1680624000000
32.98,32.94,33.035,32.87,29452,1680627600000
32.9875,33.275,33.32,32.91,26464,1680631200000
33.27,33.12,33.38,33.12,118729,1680634800000
32.285,31.52,32.285,31.39,39974,1680703200000
31.5687,31.56,31.57,31.37,19559,1680706800000
31.54,31.44,31.6,31.4,9794,1680710400000
31.44,31.455,31.63,31.35,19824,1680714000000
31.505,31.545,31.6233,31.42,14678,1680717600000
31.47,31.72,31.72,31.33,79985,1680721200000
31.37,31.28,31.64,31.17,51903,1680789600000
31.31,31.24,31.35,31.2,21490,1680793200000
31.24,31.12,31.46,31.07,87394,1680796800000
31.09,31.07,31.295,31.04,95304,1680800400000
31.07,31.39,31.47,31.06,32061,1680804000000
31.38,31.07,31.4,30.98,221072,1680807600000
31.29,31.06,31.335,30.92,11981,1681135200000
31.09,30.9,31.2,30.89,9952,1681138800000
30.93,30.9,30.95,30.79,10823,1681142400000
30.9,30.84,30.91,30.68,15332,1681146000000
30.8,30.83,30.9,30.785,17675,1681149600000
30.82,30.91,31.11,30.75,78630,1681153200000
31.03,31.01,31.38,31.01,68452,1681221600000
31.015,30.92,31.19,30.85,16545,1681225200000
30.94,30.945,31.03,30.71,40257,1681228800000
30.945,30.79,31.03,30.765,15024,1681232400000
30.75,30.735,30.8,30.67,18376,1681236000000
30.73,30.42,30.79,30.37,162452,1681239600000
29.77,29.555,30.06,29.45,80106,1681308000000
29.61,29.59,29.71,29.44,28300,1681311600000
29.58,29.73,29.75,29.535,15393,1681315200000
29.74,29.45,29.78,29.33,35040,1681318800000
29.47,29.395,29.56,29.3344,24446,1681322400000
29.37,29.29,29.4,29.18,69241,1681326000000
29.99,30.47,30.645,29.81,81521,1681394400000
30.46,30.5,30.68,30.45,48863,1681398000000
30.5,30.49,30.605,30.4,41201,1681401600000
30.52,30.39,30.57,30.37,25906,1681405200000
30.39,30.29,30.41,30.14,49361,1681408800000
30.31,30.05,30.35,30.05,92959,1681412400000
29.98,29.73,30.015,29.58,63439,1681480800000
29.735,29.53,29.735,29.48,12863,1681484400000
29.53,29.56,29.76,29.53,19129,1681488000000
29.59,29.59,29.68,29.52,12537,1681491600000
29.6,29.76,29.91,29.58,38136,1681495200000
29.77,29.84,29.8458,29.695,50840,1681498800000
29.95,30.18,30.37,29.95,75390,1681740000000
30.175,30.18,30.25,30.04,54640,1681743600000
30.195,30.255,30.46,30.18,69797,1681747200000
30.22,30.29,30.37,30.145,66503,1681750800000
30.27,30.26,30.34,30.26,53724,1681754400000
30.26,30.34,30.4,30.14,232445,1681758000000
29.835,29.94,30.1,29.75,81785,1681826400000
29.915,29.66,29.915,29.6,52081,1681830000000
29.685,29.87,29.96,29.6175,39600,1681833600000
29.89,29.975,30.045,29.875,53635,1681837200000
29.97,29.85,29.97,29.815,52193,1681840800000
29.86,29.85,29.91,29.7175,203767,1681844400000
29.1,28.96,29.19,28.86,127676,1681912800000
28.96,29.245,29.33,28.96,136927,1681916400000
29.28,29.36,29.42,29.24,41667,1681920000000
29.44,29.48,29.49,29.37,19942,1681923600000
29.46,29.53,29.55,29.42,19234,1681927200000
29.52,29.51,29.59,29.45,67434,1681930800000
29.55,29.54,29.67,29.51,62312,1681999200000
29.4801,29.235,29.525,29.195,54069,1682002800000
29.24,29.07,29.34,29.06,49675,1682006400000
29.07,29.01,29.14,28.96,36101,1682010000000
29.03,29.145,29.145,28.95,33592,1682013600000
29.15,29.03,29.15,28.95,91000,1682017200000
28.57,28.85,28.975,28.54,55904,1682085600000
28.8775,29.01,29.05,28.77,37781,1682089200000
28.97,29.14,29.15,28.97,26667,1682092800000
29.14,29.2,29.225,29.12,32005,1682096400000
29.185,29.18,29.25,29.15,31590,1682100000000
29.19,29.13,29.255,29.05,86818,1682103600000
29.24,29.08,29.29,29.015,41280,1682344800000
29.05,28.9,29.13,28.83,73139,1682348400000
28.93,29.03,29.05,28.9,44499,1682352000000
29.03,28.95,29.03,28.914,73148,1682355600000
28.95,29.13,29.135,28.91,57914,1682359200000
29.14,29.32,29.32,29.07,124575,1682362800000
28.51,28.505,28.66,28.4,34038,1682431200000
28.505,28.52,28.615,28.38,27255,1682434800000
28.49,28.49,28.56,28.43,18492,1682438400000
28.52,28.625,28.67,28.435,32183,1682442000000
28.625,28.54,28.625,28.49,23469,1682445600000
28.545,28.5,28.59,28.43,136771,1682449200000
28.57,28.91,29.0499,28.43,48657,1682517600000
28.88,28.85,28.93,28.725,59894,1682521200000
28.84,28.965,29.07,28.84,47761,1682524800000
28.965,28.85,28.99,28.82,38693,1682528400000
28.89,28.9,28.915,28.79,34960,1682532000000
28.89,28.59,28.89,28.59,234744,1682535600000
28.74,29.2,29.4,28.73,78055,1682604000000
29.2,29.17,29.25,29.11,23003,1682607600000
29.19,29.275,29.35,29.17,23919,1682611200000
29.25,29.51,29.59,29.245,24849,1682614800000
29.49,29.34,29.49,29.305,24038,1682618400000
29.35,29.35,29.42,28.53,51355,1682622000000
29.32,29.69,29.77,29.31,73438,1682690400000
29.655,29.71,29.73,29.54,26089,1682694000000
29.7,29.7,29.72,29.5601,33067,1682697600000
29.66,29.74,29.75,29.6,37017,1682701200000
29.69,29.775,29.79,29.68,18834,1682704800000
29.78,29.65,29.79,29.65,92089,1682708400000
29.56,29.45,29.57,29.35,20411,1682949600000
29.45,29.42,29.5,29.27,14683,1682953200000
29.39,29.41,29.48,29.35,11244,1682956800000
29.41,29.34,29.46,29.32,11487,1682960400000
29.36,29.33,29.405,29.295,9834,1682964000000
29.35,29.24,29.43,29.24,37375,1682967600000
27.6,27.19,27.67,27.15,56437,1683036000000
27.24,27.5589,27.5589,27.19,24539,1683039600000
27.53,27.49,27.57,27.37,18281,1683043200000
27.49,27.625,27.7,27.48,18155,1683046800000
27.6,27.72,27.73,27.5,27625,1683050400000
27.73,27.67,27.78,27.56,81118,1683054000000
27.13,27.48,27.53,27.06,30766,1683122400000
27.49,27.54,27.6,27.41,46410,1683126000000
27.56,27.79,27.79,27.55,42417,1683129600000
27.805,27.79,27.88,27.76,32876,1683133200000
27.78,27.9535,28.01,27.7,60249,1683136800000
28.01,28.09,28.16,27.87,157216,1683140400000
29.26,29.11,29.355,28.785,58838,1683208800000
29.09,29.24,29.27,29,43394,1683212400000
29.22,29.65,29.66,29.22,58224,1683216000000
29.65,29.73,29.745,29.51,31382,1683219600000
29.735,29.86,29.865,29.64,48264,1683223200000
29.82,29.61,29.95,29.6,96447,1683226800000
30.02,30.15,30.57,29.95,37790,1683295200000
30.18,30.26,30.31,30.12,32566,1683298800000
30.28,30.04,30.28,30.01,41348,1683302400000
30.04,29.96,30.13,29.94,28539,1683306000000
29.94,29.92,30,29.86,20990,1683309600000
29.91,29.67,29.96,29.62,102342,1683313200000
29.63,29.49,29.67,29.32,22078,1683554400000
29.43,29.37,29.51,29.29,24418,1683558000000
29.38,29.39,29.47,29.35,9433,1683561600000
29.39,29.545,29.56,29.38,8829,1683565200000
29.615,29.6,29.615,29.43,10156,1683568800000
29.61,29.61,29.63,29.52,38546,1683572400000
28.79,28.53,28.87,28.53,16722,1683640800000
28.535,28.645,28.735,28.535,18047,1683644400000
28.61,28.55,28.7,28.55,10362,1683648000000
28.58,28.62,28.64,28.55,10476,1683651600000
28.61,28.62,28.6731,28.55,9774,1683655200000
28.64,28.54,28.73,28.48,49092,1683658800000
28.25,28.07,28.44,27.976,40881,1683727200000
28.15,27.85,28.265,27.83,50912,1683730800000
27.85,27.56,27.88,27.5,53093,1683734400000
27.53,27.77,27.84,27.35,56598,1683738000000
27.795,27.97,28,27.78,52753,1683741600000
27.98,28.11,28.14,27.86,152326,1683745200000
28.22,28.84,29.28,28.2,70769,1683813600000
28.78,29.65,29.89,28.78,69576,1683817200000
29.65,29.58,29.66,29.33,50434,1683820800000
29.565,29.67,29.92,29.55,39520,1683824400000
29.66,29.83,29.92,29.41,121779,1683828000000
29.81,29.92,30.08,29.72,201859,1683831600000
30.425,31.335,31.335,30.3525,80620,1683900000000
31.34,31.16,31.34,30.95,101230,1683903600000
31.17,30.92,31.17,30.8,142927,1683907200000
30.935,30.945,31.1,30.825,49437,1683910800000
30.98,31.23,31.28,30.93,90676,1683914400000
31.23,30.9,31.26,30.9,235867,1683918000000
31.8,32.41,32.67,31.73,137133,1684159200000
32.49,32.78,32.88,32.41,56584,1684162800000
32.775,32.84,32.84,32.57,63730,1684166400000
32.89,33.005,33.06,32.79,55632,1684170000000
33,33.065,33.19,32.92,40034,1684173600000
33.09,32.7,33.24,32.64,163417,1684177200000
32.51,32.86,32.8899,32.24,60258,1684245600000
32.9,32.9,33,32.5881,91364,1684249200000
32.93,32.905,33,32.62,112103,1684252800000
32.88,32.565,32.91,32.55,42756,1684256400000
32.57,32.72,32.725,32.56,59444,1684260000000
32.72,32.7,32.83,32.64,148597,1684263600000
32.395,32.37,32.4942,32.19,34148,1684332000000
32.37,32.09,32.37,31.91,49497,1684335600000
32.09,32.275,32.34,32.09,27055,1684339200000
32.275,31.9,32.37,31.705,64006,1684342800000
31.895,32.04,32.09,31.89,54791,1684346400000
32,32.17,32.17,31.77,164409,1684350000000
31.48,30.54,31.51,30.54,121954,1684418400000
30.49,30.18,30.6,30.1319,54385,1684422000000
30.2,30.11,30.23,29.9,231585,1684425600000
30.08,29.96,30.18,29.9335,53310,1684429200000
29.96,29.955,29.9894,29.81,70529,1684432800000
29.98,30.25,30.2701,29.945,172027,1684436400000
29.525,29.24,29.58,29.12,365180,1684504800000
29.32,29.38,29.44,29.2,57656,1684508400000
29.37,29.38,29.44,29.2233,61646,1684512000000
29.405,29.63,29.71,29.39,50218,1684515600000
29.6,29.83,29.84,29.58,100410,1684519200000
29.825,30.02,30.05,29.77,267524,1684522800000
30.54,30.03,30.54,29.9382,33764,1684764000000
30,29.6,30.07,29.6,30146,1684767600000
29.582,30,30.0272,29.535,32309,1684771200000
30.02,29.98,30.04,29.925,25017,1684774800000
29.985,30.01,30.02,29.89,25956,1684778400000
30.02,29.96,30.06,29.941,100542,1684782000000
29.55,29.57,29.72,29.44,31463,1684850400000
29.57,29.98,29.98,29.54,30156,1684854000000
29.98,29.89,30,29.81,39188,1684857600000
29.89,29.66,29.9,29.63,36372,1684861200000
29.66,29.6,29.7,29.51,36312,1684864800000
29.61,29.25,29.61,29.185,113706,1684868400000
29.26,29.32,29.45,29.18,131905,1684936800000
29.32,29.63,29.8,29.25,43117,1684940400000
29.66,29.8,29.8499,29.65,39424,1684944000000
29.79,29.75,29.81,29.73,25418,1684947600000
29.78,29.72,29.8,29.72,38231,1684951200000
29.72,29.82,29.86,29.715,179253,1684954800000
29.8,29.965,29.99,29.75,86691,1685023200000
29.965,29.81,29.965,29.67,72561,1685026800000
29.82,29.83,29.89,29.71,62038,1685030400000
29.81,29.82,29.88,29.78,25713,1685034000000
29.85,29.82,29.9075,29.795,33516,1685037600000
29.81,29.72,29.86,29.69,132795,1685041200000
29.805,30.21,30.24,29.74,24739,1685109600000
30.22,30.16,30.36,30.14,27991,1685113200000
30.19,30.055,30.235,30.02,19758,1685116800000
30.08,30.2,30.32,30.04,24215,1685120400000
30.195,30.2,30.27,30.15,16497,1685124000000
30.18,30.01,30.2,29.99,53650,1685127600000
29.07,28.51,29.08,28.505,98870,1685455200000
28.5,28.255,28.5299,28.15,57789,1685458800000
28.23,28.55,28.61,28.07,54123,1685462400000
28.55,28.57,28.6036,28.44,42021,1685466000000
28.565,28.71,28.73,28.53,49933,1685469600000
28.73,28.73,28.92,28.66,161071,1685473200000
28.1,27.625,28.1,27.61,67629,1685541600000
27.65,28.1,28.1,27.64,72554,1685545200000
28.065,28.165,28.2899,27.92,68288,1685548800000
28.165,28.32,28.33,28.165,63891,1685552400000
28.32,28.34,28.39,28.25,50514,1685556000000
28.35,28.63,28.78,28.35,143589,1685559600000
28.84,29.15,29.23,28.63,44944,1685628000000
29.13,29.39,29.42,29,34155,1685631600000
29.36,29.5,29.5,29.175,31823,1685635200000
29.4769,29.34,29.54,29.335,22238,1685638800000
29.33,29.11,29.35,29.09,33113,1685642400000
29.125,29.18,29.23,29.08,76188,1685646000000
30.38,30.64,30.64,30.165,66667,1685714400000
30.66,30.34,30.7,30.27,38273,1685718000000
30.33,30.12,30.46,30.05,40854,1685721600000
30.14,30.36,30.45,30.04,36706,1685725200000
30.36,30.51,30.52,30.32,34881,1685728800000
30.52,30.33,30.559,30.3,80212,1685732400000
29.705,29.51,29.73,29.3,28204,1685973600000
29.48,29.49,29.56,29.41,24132,1685977200000
29.5,29.735,29.8,29.5,19922,1685980800000
29.73,29.72,29.79,29.62,16108,1685984400000
29.74,29.56,29.74,29.43,24476,1685988000000
29.6,29.51,29.6,29.45,54814,1685991600000
29.525,29.805,30,29.39,47131,1686060000000
29.83,30.235,30.29,29.77,45867,1686063600000
30.29,30.22,30.32,30.015,35479,1686067200000
30.215,29.99,30.24,29.99,29852,1686070800000
30.04,29.98,30.05,29.875,26826,1686074400000
29.99,30.05,30.05,29.87,77060,1686078000000
30.761,30.205,30.855,30.01,37650,1686146400000
30.21,30.14,30.22,29.95,38784,1686150000000
30.17,30.0501,30.18,29.905,30145,1686153600000
30,29.91,30.01,29.82,28687,1686157200000
29.93,30.15,30.18,29.92,36208,1686160800000
30.16,30.12,30.28,30.07,65810,1686164400000
30.36,30.36,30.49,30.16,47499,1686232800000
30.355,30.0901,30.48,30.01,33661,1686236400000
30.1,30.155,30.29,30.03,33457,1686240000000
30.14,30.1,30.19,30.02,29496,1686243600000
30.07,30.21,30.355,30.07,28192,1686247200000
30.22,30.05,30.29,29.96,130020,1686250800000
30.22,29.7725,30.27,29.6,70205,1686319200000
29.77,30.16,30.16,29.68,62169,1686322800000
30.22,30,30.22,29.94,41162,1686326400000
29.995,30.03,30.09,29.935,38045,1686330000000
29.99,29.93,30.005,29.825,34846,1686333600000
29.87,30.07,30.07,29.85,212021,1686337200000
30.5,30.23,30.51,29.97,48871,1686578400000
30.23,29.86,30.23,29.77,27156,1686582000000
29.86,29.55,29.86,29.55,16013,1686585600000
29.62,29.5,29.62,29.37,13021,1686589200000
29.5,29.45,29.52,29.39,15695,1686592800000
29.465,29.48,29.48,29.34,45170,1686596400000
30.41,30.49,30.79,30.235,75748,1686664800000
30.47,30.17,30.49,30.13,27473,1686668400000
30.12,29.84,30.12,29.81,27525,1686672000000
29.85,29.62,29.875,29.62,22769,1686675600000
29.64,29.79,29.8294,29.6,14534,1686679200000
29.78,29.78,29.93,29.755,61137,1686682800000
30.37,30.81,30.895,30.37,54270,1686751200000
30.83,30.97,30.97,30.69,48265,1686754800000
30.96,31.2,31.36,30.96,70196,1686758400000
31.185,31.38,31.39,31.17,41345,1686762000000
31.33,31.69,31.71,31.195,90549,1686765600000
31.705,31.39,31.705,31.37,128088,1686769200000
31.745,31.25,31.745,30.94,51017,1686837600000
31.31,31.45,31.49,31.26,20308,1686841200000
31.435,31.2929,31.47,31.12,28941,1686844800000
31.275,31.44,31.47,31.275,24717,1686848400000
31.435,31.36,31.435,31.29,21202,1686852000000
31.37,31.32,31.45,31.255,66869,1686855600000
30.71,30.46,30.79,30.23,56983,1686924000000
30.48,30.97,30.97,30.48,39645,1686927600000
30.97,31.11,31.19,30.97,39563,1686931200000
31.115,31,31.115,30.94,25985,1686934800000
31.02,31.09,31.11,30.96,27289,1686938400000
31.04,30.66,31.04,30.66,123311,1686942000000
29.93,29.005,29.93,28.92,48231,1687269600000
28.97,29.04,29.09,28.83,63620,1687273200000
29.05,29.165,29.26,28.91,33529,1687276800000
29.19,29.12,29.22,29.07,33899,1687280400000
29.12,28.84,29.12,28.8,26000,1687284000000
28.85,28.61,28.94,28.61,61599,1687287600000
28.05,28.51,28.71,28.03,83144,1687356000000
28.5,28.415,28.56,28.2,33891,1687359600000
28.38,28.46,28.56,28.38,32250,1687363200000
28.465,28.68,28.73,28.39,46823,1687366800000
28.685,28.81,28.835,28.59,64736,1687370400000
28.8,28.71,28.96,28.67,146524,1687374000000
28.99,29.19,29.28,28.85,43119,1687442400000
29.19,29.24,29.34,29.02,38299,1687446000000
29.24,29.01,29.37,28.98,33930,1687449600000
29,29.03,29.095,28.95,15599,1687453200000
29.05,29.395,29.42,29.05,30409,1687456800000
29.38,29.24,29.38,29.11,56986,1687460400000
28.45,28.79,28.84,28.42,30405,1687528800000
28.8,28.9275,28.96,28.74,25647,1687532400000
28.93,28.98,29.07,28.89,33526,1687536000000
28.98,28.92,29.01,28.83,27802,1687539600000
28.94,28.89,28.95,28.76,27797,1687543200000
28.88,28.83,29.01,28.82,74089,1687546800000
28.85,29.12,29.15,28.77,22428,1687788000000
29.11,28.86,29.24,28.85,19167,1687791600000
28.88,28.81,28.88,28.67,29315,1687795200000
28.82,29.05,29.06,28.82,32124,1687798800000
29.04,29.181,29.23,29.02,33885,1687802400000
29.19,29.03,29.36,29.03,68974,1687806000000
29.052,28.89,29.065,28.82,22190,1687874400000
28.89,29.07,29.09,28.89,32643,1687878000000
29.08,29.17,29.26,29.08,30755,1687881600000
29.15,29.195,29.24,29.05,26445,1687885200000
29.195,29.555,29.59,29.185,49617,1687888800000
29.54,29.33,29.61,29.17,116433,1687892400000
29.045,28.93,29.26,28.9,35188,1687960800000
28.925,29.01,29.06,28.9,21081,1687964400000
28.98,28.99,29.03,28.9,30917,1687968000000
28.99,29.21,29.215,28.97,18417,1687971600000
29.21,29.295,29.295,29.135,20909,1687975200000
29.275,29.19,29.33,29.155,65473,1687978800000
28.21,28.37,28.5,28.21,28278,1688047200000
28.42,28.22,28.455,28.11,41847,1688050800000
28.22,28.51,28.59,28.17,42858,1688054400000
28.52,28.766,28.84,28.485,43834,1688058000000
28.75,28.695,28.75,28.655,27029,1688061600000
28.7,29.01,29.08,28.685,159828,1688065200000
29.605,29.3,29.72,29.3,24256,1688133600000
29.3,29.485,29.64,29.28,14737,1688137200000
29.49,29.48,29.49,29.4,13852,1688140800000
29.48,29.53,29.53,29.42,14451,1688144400000
29.55,29.37,29.65,29.37,36212,1688148000000
29.32,29.18,29.32,29.02,40305,1688151600000
30.015,29.46,30.13,29.46,41983,1688392800000
29.53,29.435,29.655,29.39,33328,1688396400000
29.46,29.43,29.56,29.25,46564,1688400000000
29.35,29.35,29.35,29.35,15388,1688403600000
29.35,29.35,29.35,29.35,0,1688410800000
29.08,29.02,29.14,28.9,34327,1688565600000
28.99,29.04,29.11,28.95,15446,1688569200000
29.04,28.91,29.14,28.9,20763,1688572800000
28.91,29.045,29.06,28.865,20504,1688576400000
29.05,29.06,29.13,29.03,23258,1688580000000
29.1,29.13,29.2,28.99,73451,1688583600000
29.25,28.87,29.25,28.855,37854,1688652000000
28.87,29.01,29.01,28.8,22963,1688655600000
28.945,28.98,29.06,28.84,30123,1688659200000
28.96,28.93,29.03,28.87,13095,1688662800000
28.98,28.895,28.98,28.88,13912,1688666400000
28.92,28.6,28.92,28.57,36990,1688670000000
28.91,29.16,29.3,28.795,14873,1688738400000
29.21,29.425,29.59,29.21,16134,1688742000000
29.42,29.66,29.67,29.33,25164,1688745600000
29.645,29.84,29.98,29.63,39807,1688749200000
29.87,30,30.05,29.87,26551,1688752800000
29.99,29.56,30.07,29.42,71122,1688756400000
29.865,29.825,30.09,29.44,33764,1688997600000
29.79,29.935,29.935,29.66,11176,1689001200000
29.905,30,30,29.78,17195,1689004800000
29.975,29.89,29.99,29.83,8075,1689008400000
29.88,29.86,30.01,29.83,15386,1689012000000
29.875,29.74,29.9,29.71,45476,1689015600000
29.87,29.895,30.01,29.42,24167,1689084000000
29.92,29.995,30.04,29.86,37920,1689087600000
30,30.16,30.16,29.975,21062,1689091200000
30.18,30.21,30.21,30.13,26055,1689094800000
30.21,30.12,30.31,30.03,35564,1689098400000
30.12,30.52,30.52,30.1,107239,1689102000000
30.765,30.935,31.05,30.56,41513,1689170400000
30.95,31.44,31.44,30.92,47686,1689174000000
31.41,31.46,31.5,31.28,24110,1689177600000
31.46,31.59,31.6,31.385,31959,1689181200000
31.61,31.43,31.7,31.38,23332,1689184800000
31.39,31.08,31.45,31.04,64852,1689188400000
31.41,31.99,32.06,31.35,41532,1689256800000
32.02,31.89,32.05,31.8342,37039,1689260400000
31.89,31.89,31.96,31.77,22461,1689264000000
31.87,31.95,32.08,31.85,36866,1689267600000
31.93,32.05,32.1,31.905,28093,1689271200000
32.06,31.95,32.22,31.94,93831,1689274800000
